userName,taskNumber,focus,ExperimentState,elapsedTime,headsetX,headsetY,headsetZ,distance,taskID,currentSliver.transform.position.x,currentSliver.transform.position.y,currentSliver.transform.position.z,currentTarget.transform.position.x,currentTarget.transform.position.y,currentTarget.transform.position.z,objectXLength,objectYLength,objectZLength,currentObjectRotationX,currentObjectRotationY,currentObjectRotationZ,targetRotationX,targetRotationY,targetRotationZ,currentObjectRotationXInspector,currentObjectRotationYInspector,currentObjectRotationZInspector,targetRotationXInspector,targetRotationYInspector,targetRotationZInspector,angle,mouseX,mouseY,button,side,status
anditest,0,Tutorial,Tutorial,0.02,-32.45,1.39,-4.16,1.48804,0,-0.34,0.63,-1.48104,-0.34,0.63,0.007,0.9920264,0.9920264,0.9920264,0,0,0,0,0,0,0,0,0,0,0,0,0,1087,744,,,
anditest,0,Tutorial,Tutorial,1.417228,-32.45,1.39,-4.16,1.48804,0,-0.34,0.63,-1.48104,-0.34,0.63,0.007,0.9920264,0.9920264,0.9920264,0,0,0,0,0,0,0,0,0,0,0,0,0,1629.195,464.3881,,,
anditest,0,Tutorial,Tutorial,1.545971,-32.45,1.39,-4.16,1.48804,0,-0.34,0.63,-1.48104,-0.34,0.63,0.007,0.9920264,0.9920264,0.9920264,0,0,0,0,0,0,0,0,0,0,0,0,0,1661.345,471.5325,,,
anditest,0,Tutorial,Tutorial,1.654341,-32.45,1.39,-4.16,1.48804,0,-0.34,0.63,-1.48104,-0.34,0.63,0.007,0.9920264,0.9920264,0.9920264,0,0,0,0,0,0,0,0,0,0,0,0,0,1666.108,471.5325,,,
anditest,0,Tutorial,Tutorial,1.758504,-32.45,1.39,-4.16,1.48804,0,-0.34,0.63,-1.48104,-0.34,0.63,0.007,0.9920264,0.9920264,0.9920264,0,0,0,0,0,0,0,0,0,0,0,0,0,1666.108,471.5325,,,
anditest,0,Tutorial,Tutorial,1.864585,-32.45,1.39,-4.16,1.48804,0,-0.34,0.63,-1.48104,-0.34,0.63,0.007,0.9920264,0.9920264,0.9920264,0,0,0,0,0,0,0,0,0,0,0,0,0,1666.108,471.5325,,,
anditest,0,Tutorial,Tutorial,1.972683,-32.45,1.39,-4.16,1.48804,0,-0.34,0.63,-1.48104,-0.34,0.63,0.007,0.9920264,0.9920264,0.9920264,0,0,0,0,0,0,0,0,0,0,0,0,0,1666.108,471.5325,,,
anditest,0,Tutorial,Tutorial,2.079376,-32.45,1.39,-4.16,1.48804,0,-0.34,0.63,-1.48104,-0.34,0.63,0.007,0.9920264,0.9920264,0.9920264,0,0,0,0,0,0,0,0,0,0,0,0,0,1666.108,471.5325,,,
anditest,0,Tutorial,Tutorial,2.186759,-32.45,1.39,-4.16,1.48804,0,-0.34,0.63,-1.48104,-0.34,0.63,0.007,0.9920264,0.9920264,0.9920264,0,0,0,0,0,0,0,0,0,0,0,0,0,1666.108,470.3418,,,
anditest,0,Tutorial,Tutorial,2.294427,-32.45,1.39,-4.16,1.48804,0,-0.34,0.63,-1.48104,-0.34,0.63,0.007,0.9920264,0.9920264,0.9920264,0,0,0,0,0,0,0,0,0,0,0,0,0,1666.108,470.3418,,,
anditest,0,Tutorial,Tutorial,2.436234,-32.45,1.39,-4.16,1.48804,0,-0.34,0.63,-1.48104,-0.34,0.63,0.007,0.9920264,0.9920264,0.9920264,0,0,0,0,0,0,0,0,0,0,0,0,0,1663.727,469.151,,,
anditest,0,Tutorial,Tutorial,2.543187,-32.45,1.39,-4.16,1.48804,0,-0.34,0.63,-1.48104,-0.34,0.63,0.007,0.9920264,0.9920264,0.9920264,0,0,0,0,0,0,0,0,0,0,0,0,0,1661.345,467.9603,,,
anditest,0,Tutorial,Tutorial,2.683802,-32.45,1.39,-4.16,1.48804,0,-0.34,0.63,-1.48104,-0.34,0.63,0.007,0.9920264,0.9920264,0.9920264,0,0,0,0,0,0,0,0,0,0,0,0,0,1660.154,467.9603,,,
anditest,0,Tutorial,Tutorial,2.790245,-32.45,1.39,-4.16,1.48804,0,-0.34,0.63,-1.48104,-0.34,0.63,0.007,0.9920264,0.9920264,0.9920264,0,0,0,0,0,0,0,0,0,0,0,0,0,1660.154,467.9603,,,
anditest,0,Tutorial,Tutorial,2.895436,-32.45,1.39,-4.16,1.48804,0,-0.34,0.63,-1.48104,-0.34,0.63,0.007,0.9920264,0.9920264,0.9920264,0,0,0,0,0,0,0,0,0,0,0,0,0,1660.154,467.9603,,,
anditest,0,Tutorial,Tutorial,3.003256,-32.45,1.39,-4.16,1.48804,0,-0.34,0.63,-1.48104,-0.34,0.63,0.007,0.9920264,0.9920264,0.9920264,0,0,0,0,0,0,0,0,0,0,0,0,0,1660.154,467.9603,,,
anditest,0,Tutorial,Tutorial,3.11177,-32.45,1.39,-4.16,1.48804,0,-0.34,0.63,-1.48104,-0.34,0.63,0.007,0.9920264,0.9920264,0.9920264,0,0,0,0,0,0,0,0,0,0,0,0,0,1660.154,467.9603,,,
anditest,0,Tutorial,Tutorial,3.220171,-32.45,1.39,-4.16,1.48804,0,-0.34,0.63,-1.48104,-0.34,0.63,0.007,0.9920264,0.9920264,0.9920264,0,0,0,0,0,0,0,0,0,0,0,0,0,1660.154,467.9603,,,
anditest,0,Tutorial,Tutorial,3.328094,-32.45,1.39,-4.16,1.48804,0,-0.34,0.63,-1.48104,-0.34,0.63,0.007,0.9920264,0.9920264,0.9920264,0,0,0,0,0,0,0,0,0,0,0,0,0,1660.154,467.9603,,,
anditest,0,Tutorial,Tutorial,3.437144,-32.45,1.39,-4.16,1.48804,0,-0.34,0.63,-1.48104,-0.34,0.63,0.007,0.9920264,0.9920264,0.9920264,0,0,0,0,0,0,0,0,0,0,0,0,0,1660.154,467.9603,,,
anditest,0,Tutorial,Tutorial,3.54284,-32.45,1.39,-4.16,1.48804,0,-0.34,0.63,-1.48104,-0.34,0.63,0.007,0.9920264,0.9920264,0.9920264,0,0,0,0,0,0,0,0,0,0,0,0,0,1660.154,467.9603,,,
anditest,0,Tutorial,Tutorial,3.651183,-32.45,1.39,-4.16,1.48804,0,-0.34,0.63,-1.48104,-0.34,0.63,0.007,0.9920264,0.9920264,0.9920264,0,0,0,0,0,0,0,0,0,0,0,0,0,1660.154,467.9603,,,
anditest,0,Tutorial,Tutorial,3.763666,-32.45,1.39,-4.16,1.48804,0,-0.34,0.63,-1.48104,-0.34,0.63,0.007,0.9920264,0.9920264,0.9920264,0,0,0,0,0,0,0,0,0,0,0,0,0,1660.154,467.9603,,,
anditest,0,Tutorial,Tutorial,3.877195,-32.45,1.39,-4.16,1.48804,0,-0.34,0.63,-1.48104,-0.34,0.63,0.007,0.9920264,0.9920264,0.9920264,0,0,0,0,0,0,0,0,0,0,0,0,0,1660.154,467.9603,,,
anditest,0,Tutorial,Tutorial,3.982771,-32.45,1.39,-4.16,1.48804,0,-0.34,0.63,-1.48104,-0.34,0.63,0.007,0.9920264,0.9920264,0.9920264,0,0,0,0,0,0,0,0,0,0,0,0,0,1660.154,467.9603,,,
anditest,0,Tutorial,Tutorial,4.086915,-32.45,1.39,-4.16,1.48804,0,-0.34,0.63,-1.48104,-0.34,0.63,0.007,0.9920264,0.9920264,0.9920264,0,0,0,0,0,0,0,0,0,0,0,0,0,1660.154,467.9603,,,
anditest,0,Tutorial,Tutorial,4.194707,-32.45,1.39,-4.16,1.48804,0,-0.34,0.63,-1.48104,-0.34,0.63,0.007,0.9920264,0.9920264,0.9920264,0,0,0,0,0,0,0,0,0,0,0,0,0,1660.154,467.9603,,,
anditest,0,Tutorial,Tutorial,4.304915,-32.45,1.39,-4.16,1.48804,0,-0.34,0.63,-1.48104,-0.34,0.63,0.007,0.9920264,0.9920264,0.9920264,0,0,0,0,0,0,0,0,0,0,0,0,0,1660.154,467.9603,,,
anditest,0,Tutorial,Tutorial,4.413988,-32.45,1.39,-4.16,1.48804,0,-0.34,0.63,-1.48104,-0.34,0.63,0.007,0.9920264,0.9920264,0.9920264,0,0,0,0,0,0,0,0,0,0,0,0,0,1660.154,467.9603,,,
anditest,0,Tutorial,Tutorial,4.525642,-32.45,1.39,-4.16,1.48804,0,-0.34,0.63,-1.48104,-0.34,0.63,0.007,0.9920264,0.9920264,0.9920264,0,0,0,0,0,0,0,0,0,0,0,0,0,1660.154,467.9603,,,
anditest,0,Tutorial,Tutorial,4.547001,-32.45,1.39,-4.16,1.48804,0,-0.34,0.63,-1.48104,-0.34,0.63,0.007,0.9920264,0.9920264,0.9920264,0,0,0,0,0,0,0,0,0,0,0,0,0,1660.154,467.9603,mouse,left,down
anditest,0,Tutorial,Tutorial,4.633371,-32.45,1.39,-4.16,1.48804,0,-0.34,0.63,-1.48104,-0.34,0.63,0.007,0.9920264,0.9920264,0.9920264,0,0,0,0,0,0,0,0,0,0,0,0,0,1660.154,467.9603,,,
anditest,0,Tutorial,Tutorial,4.633371,-32.45,1.39,-4.16,1.48804,0,-0.34,0.63,-1.48104,-0.34,0.63,0.007,0.9920264,0.9920264,0.9920264,0,0,0,0,0,0,0,0,0,0,0,0,0,1660.154,467.9603,next,,pressed
anditest,1,Speed,Complexity,4.741661,-32.45,1.39,-4.16,2.090342,1,-0.34,0.63,-2.083342,-0.34,0.63,0.007,0.9388822,0.9388822,0.9388822,0,0,0,350.9471,359.2726,9.168056,0,0,0,-9.053,-0.7270001,9.168,12.85711,1660.154,467.9603,,,
anditest,1,Speed,Complexity,4.852787,-32.45,1.39,-4.16,2.090342,1,-0.34,0.63,-2.083342,-0.34,0.63,0.007,0.9388822,0.9388822,0.9388822,0,0,0,350.9471,359.2726,9.168056,0,0,0,-9.053,-0.7270001,9.168,12.85711,1675.634,466.7696,,,
anditest,1,Speed,Complexity,4.961951,-32.45,1.39,-4.16,2.090342,1,-0.34,0.63,-2.083342,-0.34,0.63,0.007,0.9388822,0.9388822,0.9388822,0,0,0,350.9471,359.2726,9.168056,0,0,0,-9.053,-0.7270001,9.168,12.85711,1813.76,451.2899,,,
anditest,1,Speed,Complexity,5.075326,-32.45,1.39,-4.16,2.090342,1,-0.34,0.63,-2.083342,-0.34,0.63,0.007,0.9388822,0.9388822,0.9388822,0,0,0,350.9471,359.2726,9.168056,0,0,0,-9.053,-0.7270001,9.168,12.85711,1929.261,445.3363,,,
anditest,1,Speed,Complexity,5.184928,-32.45,1.39,-4.16,2.090342,1,-0.34,0.63,-2.083342,-0.34,0.63,0.007,0.9388822,0.9388822,0.9388822,0,0,0,350.9471,359.2726,9.168056,0,0,0,-9.053,-0.7270001,9.168,12.85711,1929.261,445.3363,,,
anditest,1,Speed,Complexity,5.289822,-32.45,1.39,-4.16,2.090342,1,-0.34,0.63,-2.083342,-0.34,0.63,0.007,0.9388822,0.9388822,0.9388822,0,0,0,350.9471,359.2726,9.168056,0,0,0,-9.053,-0.7270001,9.168,12.85711,1929.261,445.3363,,,
anditest,1,Speed,Complexity,5.400056,-32.45,1.39,-4.16,2.090342,1,-0.34,0.63,-2.083342,-0.34,0.63,0.007,0.9388822,0.9388822,0.9388822,0,0,0,350.9471,359.2726,9.168056,0,0,0,-9.053,-0.7270001,9.168,12.85711,1929.261,445.3363,,,
anditest,1,Speed,Complexity,5.507833,-32.45,1.39,-4.16,2.090342,1,-0.34,0.63,-2.083342,-0.34,0.63,0.007,0.9388822,0.9388822,0.9388822,0,0,0,350.9471,359.2726,9.168056,0,0,0,-9.053,-0.7270001,9.168,12.85711,1929.261,445.3363,,,
anditest,1,Speed,Complexity,5.618861,-32.45,1.39,-4.16,2.090342,1,-0.34,0.63,-2.083342,-0.34,0.63,0.007,0.9388822,0.9388822,0.9388822,0,0,0,350.9471,359.2726,9.168056,0,0,0,-9.053,-0.7270001,9.168,12.85711,1929.261,445.3363,,,
anditest,1,Speed,Complexity,5.761099,-32.45,1.39,-4.16,2.090342,1,-0.34,0.63,-2.083342,-0.34,0.63,0.007,0.9388822,0.9388822,0.9388822,0,0,0,350.9471,359.2726,9.168056,0,0,0,-9.053,-0.7270001,9.168,12.85711,1929.261,445.3363,,,
anditest,1,Speed,Complexity,5.86762,-32.45,1.39,-4.16,2.090342,1,-0.34,0.63,-2.083342,-0.34,0.63,0.007,0.9388822,0.9388822,0.9388822,0,0,0,350.9471,359.2726,9.168056,0,0,0,-9.053,-0.7270001,9.168,12.85711,1929.261,445.3363,,,
anditest,1,Speed,Complexity,5.975559,-32.45,1.39,-4.16,2.090342,1,-0.34,0.63,-2.083342,-0.34,0.63,0.007,0.9388822,0.9388822,0.9388822,0,0,0,350.9471,359.2726,9.168056,0,0,0,-9.053,-0.7270001,9.168,12.85711,1929.261,445.3363,,,
anditest,1,Speed,Complexity,6.084278,-32.45,1.39,-4.16,2.090342,1,-0.34,0.63,-2.083342,-0.34,0.63,0.007,0.9388822,0.9388822,0.9388822,0,0,0,350.9471,359.2726,9.168056,0,0,0,-9.053,-0.7270001,9.168,12.85711,1929.261,445.3363,,,
anditest,1,Speed,Complexity,6.19326,-32.45,1.39,-4.16,2.090342,1,-0.34,0.63,-2.083342,-0.34,0.63,0.007,0.9388822,0.9388822,0.9388822,0,0,0,350.9471,359.2726,9.168056,0,0,0,-9.053,-0.7270001,9.168,12.85711,1929.261,445.3363,,,
anditest,1,Speed,Complexity,6.305851,-32.45,1.39,-4.16,2.090342,1,-0.34,0.63,-2.083342,-0.34,0.63,0.007,0.9388822,0.9388822,0.9388822,0,0,0,350.9471,359.2726,9.168056,0,0,0,-9.053,-0.7270001,9.168,12.85711,1929.261,445.3363,,,
anditest,1,Speed,Complexity,6.416838,-32.45,1.39,-4.16,2.090342,1,-0.34,0.63,-2.083342,-0.34,0.63,0.007,0.9388822,0.9388822,0.9388822,0,0,0,350.9471,359.2726,9.168056,0,0,0,-9.053,-0.7270001,9.168,12.85711,1929.261,445.3363,,,
anditest,1,Speed,Complexity,6.527462,-32.45,1.39,-4.16,2.090342,1,-0.34,0.63,-2.083342,-0.34,0.63,0.007,0.9388822,0.9388822,0.9388822,0,0,0,350.9471,359.2726,9.168056,0,0,0,-9.053,-0.7270001,9.168,12.85711,1929.261,445.3363,,,
anditest,1,Speed,Complexity,6.633514,-32.45,1.39,-4.16,2.090342,1,-0.34,0.63,-2.083342,-0.34,0.63,0.007,0.9388822,0.9388822,0.9388822,0,0,0,350.9471,359.2726,9.168056,0,0,0,-9.053,-0.7270001,9.168,12.85711,1929.261,445.3363,,,
anditest,1,Speed,Complexity,6.737699,-32.45,1.39,-4.16,2.090342,1,-0.34,0.63,-2.083342,-0.34,0.63,0.007,0.9388822,0.9388822,0.9388822,0,0,0,350.9471,359.2726,9.168056,0,0,0,-9.053,-0.7270001,9.168,12.85711,1929.261,445.3363,,,
anditest,1,Speed,Complexity,6.843558,-32.45,1.39,-4.16,2.090342,1,-0.34,0.63,-2.083342,-0.34,0.63,0.007,0.9388822,0.9388822,0.9388822,0,0,0,350.9471,359.2726,9.168056,0,0,0,-9.053,-0.7270001,9.168,12.85711,1929.261,445.3363,,,
anditest,1,Speed,Complexity,6.9537,-32.45,1.39,-4.16,2.090342,1,-0.34,0.63,-2.083342,-0.34,0.63,0.007,0.9388822,0.9388822,0.9388822,0,0,0,350.9471,359.2726,9.168056,0,0,0,-9.053,-0.7270001,9.168,12.85711,1929.261,445.3363,,,
anditest,1,Speed,Complexity,7.058738,-32.45,1.39,-4.16,2.090342,1,-0.34,0.63,-2.083342,-0.34,0.63,0.007,0.9388822,0.9388822,0.9388822,0,0,0,350.9471,359.2726,9.168056,0,0,0,-9.053,-0.7270001,9.168,12.85711,1929.261,445.3363,,,
anditest,1,Speed,Complexity,7.168267,-32.45,1.39,-4.16,2.090342,1,-0.34,0.63,-2.083342,-0.34,0.63,0.007,0.9388822,0.9388822,0.9388822,0,0,0,350.9471,359.2726,9.168056,0,0,0,-9.053,-0.7270001,9.168,12.85711,1929.261,445.3363,,,
anditest,1,Speed,Complexity,7.277668,-32.45,1.39,-4.16,2.090342,1,-0.34,0.63,-2.083342,-0.34,0.63,0.007,0.9388822,0.9388822,0.9388822,0,0,0,350.9471,359.2726,9.168056,0,0,0,-9.053,-0.7270001,9.168,12.85711,1929.261,445.3363,,,
anditest,1,Speed,Complexity,7.38497,-32.45,1.39,-4.16,2.090342,1,-0.34,0.63,-2.083342,-0.34,0.63,0.007,0.9388822,0.9388822,0.9388822,0,0,0,350.9471,359.2726,9.168056,0,0,0,-9.053,-0.7270001,9.168,12.85711,1929.261,445.3363,,,
anditest,1,Speed,Complexity,7.49233,-32.45,1.39,-4.16,2.090342,1,-0.34,0.63,-2.083342,-0.34,0.63,0.007,0.9388822,0.9388822,0.9388822,0,0,0,350.9471,359.2726,9.168056,0,0,0,-9.053,-0.7270001,9.168,12.85711,1929.261,445.3363,,,
anditest,1,Speed,Complexity,7.600143,-32.45,1.39,-4.16,2.090342,1,-0.34,0.63,-2.083342,-0.34,0.63,0.007,0.9388822,0.9388822,0.9388822,0,0,0,350.9471,359.2726,9.168056,0,0,0,-9.053,-0.7270001,9.168,12.85711,1929.261,445.3363,,,
anditest,1,Speed,Complexity,7.738721,-32.45,1.39,-4.16,2.090342,1,-0.34,0.63,-2.083342,-0.34,0.63,0.007,0.9388822,0.9388822,0.9388822,0,0,0,350.9471,359.2726,9.168056,0,0,0,-9.053,-0.7270001,9.168,12.85711,1929.261,445.3363,,,
anditest,1,Speed,Complexity,7.843375,-32.45,1.39,-4.16,2.090342,1,-0.34,0.63,-2.083342,-0.34,0.63,0.007,0.9388822,0.9388822,0.9388822,0,0,0,350.9471,359.2726,9.168056,0,0,0,-9.053,-0.7270001,9.168,12.85711,1929.261,445.3363,,,
anditest,1,Speed,Complexity,7.951972,-32.45,1.39,-4.16,2.090342,1,-0.34,0.63,-2.083342,-0.34,0.63,0.007,0.9388822,0.9388822,0.9388822,0,0,0,350.9471,359.2726,9.168056,0,0,0,-9.053,-0.7270001,9.168,12.85711,1929.261,445.3363,,,
anditest,1,Speed,Complexity,8.056369,-32.45,1.39,-4.16,2.090342,1,-0.34,0.63,-2.083342,-0.34,0.63,0.007,0.9388822,0.9388822,0.9388822,0,0,0,350.9471,359.2726,9.168056,0,0,0,-9.053,-0.7270001,9.168,12.85711,1929.261,445.3363,,,
anditest,1,Speed,Complexity,8.162981,-32.45,1.39,-4.16,2.090342,1,-0.34,0.63,-2.083342,-0.34,0.63,0.007,0.9388822,0.9388822,0.9388822,0,0,0,350.9471,359.2726,9.168056,0,0,0,-9.053,-0.7270001,9.168,12.85711,1929.261,445.3363,,,
anditest,1,Speed,Complexity,8.269986,-32.45,1.39,-4.16,2.090342,1,-0.34,0.63,-2.083342,-0.34,0.63,0.007,0.9388822,0.9388822,0.9388822,0,0,0,350.9471,359.2726,9.168056,0,0,0,-9.053,-0.7270001,9.168,12.85711,1929.261,445.3363,,,
anditest,1,Speed,Complexity,8.378229,-32.45,1.39,-4.16,2.090342,1,-0.34,0.63,-2.083342,-0.34,0.63,0.007,0.9388822,0.9388822,0.9388822,0,0,0,350.9471,359.2726,9.168056,0,0,0,-9.053,-0.7270001,9.168,12.85711,1929.261,445.3363,,,
anditest,1,Speed,Complexity,8.491886,-32.45,1.39,-4.16,2.090342,1,-0.34,0.63,-2.083342,-0.34,0.63,0.007,0.9388822,0.9388822,0.9388822,0,0,0,350.9471,359.2726,9.168056,0,0,0,-9.053,-0.7270001,9.168,12.85711,1929.261,445.3363,,,
anditest,1,Speed,Complexity,8.599246,-32.45,1.39,-4.16,2.090342,1,-0.34,0.63,-2.083342,-0.34,0.63,0.007,0.9388822,0.9388822,0.9388822,0,0,0,350.9471,359.2726,9.168056,0,0,0,-9.053,-0.7270001,9.168,12.85711,1929.261,445.3363,,,
anditest,1,Speed,Complexity,8.707514,-32.45,1.39,-4.16,2.090342,1,-0.34,0.63,-2.083342,-0.34,0.63,0.007,0.9388822,0.9388822,0.9388822,0,0,0,350.9471,359.2726,9.168056,0,0,0,-9.053,-0.7270001,9.168,12.85711,1929.261,445.3363,,,
anditest,1,Speed,Complexity,8.815179,-32.45,1.39,-4.16,2.090342,1,-0.34,0.63,-2.083342,-0.34,0.63,0.007,0.9388822,0.9388822,0.9388822,0,0,0,350.9471,359.2726,9.168056,0,0,0,-9.053,-0.7270001,9.168,12.85711,1929.261,445.3363,,,
anditest,1,Speed,Complexity,8.923888,-32.45,1.39,-4.16,2.090342,1,-0.34,0.63,-2.083342,-0.34,0.63,0.007,0.9388822,0.9388822,0.9388822,0,0,0,350.9471,359.2726,9.168056,0,0,0,-9.053,-0.7270001,9.168,12.85711,1929.261,445.3363,,,
anditest,1,Speed,Complexity,9.031573,-32.45,1.39,-4.16,2.090342,1,-0.34,0.63,-2.083342,-0.34,0.63,0.007,0.9388822,0.9388822,0.9388822,0,0,0,350.9471,359.2726,9.168056,0,0,0,-9.053,-0.7270001,9.168,12.85711,1928.071,445.3363,,,
anditest,1,Speed,Complexity,9.139636,-32.45,1.39,-4.16,2.090342,1,-0.34,0.63,-2.083342,-0.34,0.63,0.007,0.9388822,0.9388822,0.9388822,0,0,0,350.9471,359.2726,9.168056,0,0,0,-9.053,-0.7270001,9.168,12.85711,1911.4,441.764,,,
anditest,1,Speed,Complexity,9.244559,-32.45,1.39,-4.16,2.090342,1,-0.34,0.63,-2.083342,-0.34,0.63,0.007,0.9388822,0.9388822,0.9388822,0,0,0,350.9471,359.2726,9.168056,0,0,0,-9.053,-0.7270001,9.168,12.85711,1880.441,439.3826,,,
anditest,1,Speed,Complexity,9.351891,-32.45,1.39,-4.16,2.090342,1,-0.34,0.63,-2.083342,-0.34,0.63,0.007,0.9388822,0.9388822,0.9388822,0,0,0,350.9471,359.2726,9.168056,0,0,0,-9.053,-0.7270001,9.168,12.85711,1854.245,431.0474,,,
anditest,1,Speed,Complexity,9.458863,-32.45,1.39,-4.16,2.090342,1,-0.34,0.63,-2.083342,-0.34,0.63,0.007,0.9388822,0.9388822,0.9388822,0,0,0,350.9471,359.2726,9.168056,0,0,0,-9.053,-0.7270001,9.168,12.85711,1838.765,422.7122,,,
anditest,1,Speed,Complexity,9.567789,-32.45,1.39,-4.16,2.090342,1,-0.34,0.63,-2.083342,-0.34,0.63,0.007,0.9388822,0.9388822,0.9388822,0,0,0,350.9471,359.2726,9.168056,0,0,0,-9.053,-0.7270001,9.168,12.85711,1816.141,413.1863,,,
anditest,1,Speed,Complexity,9.673606,-32.45,1.39,-4.16,2.090342,1,-0.34,0.63,-2.083342,-0.34,0.63,0.007,0.9388822,0.9388822,0.9388822,0,0,0,350.9471,359.2726,9.168056,0,0,0,-9.053,-0.7270001,9.168,12.85711,1789.945,407.2326,,,
anditest,1,Speed,Complexity,9.778642,-32.45,1.39,-4.16,2.090342,1,-0.34,0.63,-2.083342,-0.34,0.63,0.007,0.9388822,0.9388822,0.9388822,0,0,0,350.9471,359.2726,9.168056,0,0,0,-9.053,-0.7270001,9.168,12.85711,1770.893,403.6604,,,
anditest,1,Speed,Complexity,9.886415,-32.45,1.39,-4.16,2.090342,1,-0.34,0.63,-2.083342,-0.34,0.63,0.007,0.9388822,0.9388822,0.9388822,0,0,0,350.9471,359.2726,9.168056,0,0,0,-9.053,-0.7270001,9.168,12.85711,1767.321,402.4697,,,
anditest,1,Speed,Complexity,9.995544,-32.45,1.39,-4.16,2.090342,1,-0.34,0.63,-2.083342,-0.34,0.63,0.007,0.9388822,0.9388822,0.9388822,0,0,0,350.9471,359.2726,9.168056,0,0,0,-9.053,-0.7270001,9.168,12.85711,1756.604,401.2789,,,
anditest,1,Speed,Complexity,10.10238,-32.45,1.39,-4.16,2.090342,1,-0.34,0.63,-2.083342,-0.34,0.63,0.007,0.9388822,0.9388822,0.9388822,0,0,0,350.9471,359.2726,9.168056,0,0,0,-9.053,-0.7270001,9.168,12.85711,1755.413,401.2789,,,
anditest,1,Speed,Complexity,10.21069,-32.45,1.39,-4.16,2.090342,1,-0.34,0.63,-2.083342,-0.34,0.63,0.007,0.9388822,0.9388822,0.9388822,0,0,0,350.9471,359.2726,9.168056,0,0,0,-9.053,-0.7270001,9.168,12.85711,1755.413,401.2789,,,
anditest,1,Speed,Complexity,10.31988,-32.45,1.39,-4.16,2.090342,1,-0.34,0.63,-2.083342,-0.34,0.63,0.007,0.9388822,0.9388822,0.9388822,0,0,0,350.9471,359.2726,9.168056,0,0,0,-9.053,-0.7270001,9.168,12.85711,1755.413,401.2789,,,
anditest,1,Speed,Complexity,10.42637,-32.45,1.39,-4.16,2.090342,1,-0.34,0.63,-2.083342,-0.34,0.63,0.007,0.9388822,0.9388822,0.9388822,0,0,0,350.9471,359.2726,9.168056,0,0,0,-9.053,-0.7270001,9.168,12.85711,1755.413,401.2789,,,
anditest,1,Speed,Complexity,10.53836,-32.45,1.39,-4.16,2.090342,1,-0.34,0.63,-2.083342,-0.34,0.63,0.007,0.9388822,0.9388822,0.9388822,0,0,0,350.9471,359.2726,9.168056,0,0,0,-9.053,-0.7270001,9.168,12.85711,1755.413,401.2789,,,
anditest,1,Speed,Complexity,10.64641,-32.45,1.39,-4.16,2.090342,1,-0.34,0.63,-2.083342,-0.34,0.63,0.007,0.9388822,0.9388822,0.9388822,0,0,0,350.9471,359.2726,9.168056,0,0,0,-9.053,-0.7270001,9.168,12.85711,1755.413,401.2789,,,
anditest,1,Speed,Complexity,10.75552,-32.45,1.39,-4.16,2.090342,1,-0.34,0.63,-2.083342,-0.34,0.63,0.007,0.9388822,0.9388822,0.9388822,0,0,0,350.9471,359.2726,9.168056,0,0,0,-9.053,-0.7270001,9.168,12.85711,1755.413,401.2789,,,
anditest,1,Speed,Complexity,10.86434,-32.45,1.39,-4.16,2.090342,1,-0.34,0.63,-2.083342,-0.34,0.63,0.007,0.9388822,0.9388822,0.9388822,0,0,0,350.9471,359.2726,9.168056,0,0,0,-9.053,-0.7270001,9.168,12.85711,1755.413,401.2789,,,
anditest,1,Speed,Complexity,10.97487,-32.45,1.39,-4.16,2.090342,1,-0.34,0.63,-2.083342,-0.34,0.63,0.007,0.9388822,0.9388822,0.9388822,0,0,0,350.9471,359.2726,9.168056,0,0,0,-9.053,-0.7270001,9.168,12.85711,1755.413,401.2789,,,
anditest,1,Speed,Complexity,11.08505,-32.45,1.39,-4.16,2.090342,1,-0.34,0.63,-2.083342,-0.34,0.63,0.007,0.9388822,0.9388822,0.9388822,0,0,0,350.9471,359.2726,9.168056,0,0,0,-9.053,-0.7270001,9.168,12.85711,1755.413,401.2789,,,
anditest,1,Speed,Complexity,11.19444,-32.45,1.39,-4.16,2.090342,1,-0.34,0.63,-2.083342,-0.34,0.63,0.007,0.9388822,0.9388822,0.9388822,0,0,0,350.9471,359.2726,9.168056,0,0,0,-9.053,-0.7270001,9.168,12.85711,1755.413,401.2789,,,
anditest,1,Speed,Complexity,11.30394,-32.45,1.39,-4.16,2.090342,1,-0.34,0.63,-2.083342,-0.34,0.63,0.007,0.9388822,0.9388822,0.9388822,0,0,0,350.9471,359.2726,9.168056,0,0,0,-9.053,-0.7270001,9.168,12.85711,1755.413,401.2789,,,
anditest,1,Speed,Complexity,11.41736,-32.45,1.39,-4.16,2.090342,1,-0.34,0.63,-2.083342,-0.34,0.63,0.007,0.9388822,0.9388822,0.9388822,0,0,0,350.9471,359.2726,9.168056,0,0,0,-9.053,-0.7270001,9.168,12.85711,1755.413,401.2789,,,
anditest,1,Speed,Complexity,11.5236,-32.45,1.39,-4.16,2.090342,1,-0.34,0.63,-2.083342,-0.34,0.63,0.007,0.9388822,0.9388822,0.9388822,0,0,0,350.9471,359.2726,9.168056,0,0,0,-9.053,-0.7270001,9.168,12.85711,1755.413,401.2789,,,
anditest,1,Speed,Complexity,11.63414,-32.45,1.39,-4.16,2.090342,1,-0.34,0.63,-2.083342,-0.34,0.63,0.007,0.9388822,0.9388822,0.9388822,0,0,0,350.9471,359.2726,9.168056,0,0,0,-9.053,-0.7270001,9.168,12.85711,1751.841,398.8975,,,
anditest,1,Speed,Complexity,11.73988,-32.45,1.39,-4.16,2.090342,1,-0.34,0.63,-2.083342,-0.34,0.63,0.007,0.9388822,0.9388822,0.9388822,0,0,0,350.9471,359.2726,9.168056,0,0,0,-9.053,-0.7270001,9.168,12.85711,1747.078,396.516,,,
anditest,1,Speed,Complexity,11.84511,-32.45,1.39,-4.16,2.090342,1,-0.34,0.63,-2.083342,-0.34,0.63,0.007,0.9388822,0.9388822,0.9388822,0,0,0,350.9471,359.2726,9.168056,0,0,0,-9.053,-0.7270001,9.168,12.85711,1739.934,392.9438,,,
anditest,1,Speed,Complexity,11.95308,-32.45,1.39,-4.16,2.090342,1,-0.34,0.63,-2.083342,-0.34,0.63,0.007,0.9388822,0.9388822,0.9388822,0,0,0,350.9471,359.2726,9.168056,0,0,0,-9.053,-0.7270001,9.168,12.85711,1724.454,389.3716,,,
anditest,1,Speed,Complexity,12.07031,-32.45,1.39,-4.16,2.090342,1,-0.34,0.63,-2.083342,-0.34,0.63,0.007,0.9388822,0.9388822,0.9388822,0,0,0,350.9471,359.2726,9.168056,0,0,0,-9.053,-0.7270001,9.168,12.85711,1692.304,392.9438,,,
anditest,1,Speed,Complexity,12.17547,-32.45,1.39,-4.16,2.090342,1,-0.34,0.63,-2.083342,-0.34,0.63,0.007,0.9388822,0.9388822,0.9388822,0,0,0,350.9471,359.2726,9.168056,0,0,0,-9.053,-0.7270001,9.168,12.85711,1656.582,414.3771,,,
anditest,1,Speed,Complexity,12.28161,-32.45,1.39,-4.16,2.090342,1,-0.34,0.63,-2.083342,-0.34,0.63,0.007,0.9388822,0.9388822,0.9388822,0,0,0,350.9471,359.2726,9.168056,0,0,0,-9.053,-0.7270001,9.168,12.85711,1638.721,428.6659,,,
anditest,1,Speed,Complexity,12.39034,-32.45,1.39,-4.16,2.090342,1,-0.34,0.63,-2.083342,-0.34,0.63,0.007,0.9388822,0.9388822,0.9388822,0,0,0,350.9471,359.2726,9.168056,0,0,0,-9.053,-0.7270001,9.168,12.85711,1633.958,438.1918,,,
anditest,1,Speed,Complexity,12.49893,-32.45,1.39,-4.16,2.090342,1,-0.34,0.63,-2.083342,-0.34,0.63,0.007,0.9388822,0.9388822,0.9388822,0,0,0,350.9471,359.2726,9.168056,0,0,0,-9.053,-0.7270001,9.168,12.85711,1633.958,450.0992,,,
anditest,1,Speed,Complexity,12.60863,-32.45,1.39,-4.16,2.090342,1,-0.34,0.63,-2.083342,-0.34,0.63,0.007,0.9388822,0.9388822,0.9388822,0,0,0,350.9471,359.2726,9.168056,0,0,0,-9.053,-0.7270001,9.168,12.85711,1645.866,464.3881,,,
anditest,1,Speed,Complexity,12.71748,-32.45,1.39,-4.16,2.090342,1,-0.34,0.63,-2.083342,-0.34,0.63,0.007,0.9388822,0.9388822,0.9388822,0,0,0,350.9471,359.2726,9.168056,0,0,0,-9.053,-0.7270001,9.168,12.85711,1647.056,465.5788,,,
anditest,1,Speed,Complexity,12.82812,-32.45,1.39,-4.16,2.090342,1,-0.34,0.63,-2.083342,-0.34,0.63,0.007,0.9388822,0.9388822,0.9388822,0,0,0,350.9471,359.2726,9.168056,0,0,0,-9.053,-0.7270001,9.168,12.85711,1647.056,465.5788,,,
anditest,1,Speed,Complexity,12.88797,-32.45,1.39,-4.16,2.090342,1,-0.34,0.63,-2.083342,-0.34,0.63,0.007,0.9388822,0.9388822,0.9388822,0,0,0,350.9471,359.2726,9.168056,0,0,0,-9.053,-0.7270001,9.168,12.85711,1647.056,465.5788,mouse,left,down
anditest,1,Speed,Complexity,12.93614,-32.45,1.39,-4.16,2.090342,1,-0.34,0.63,-2.083342,-0.34,0.63,0.007,0.9388822,0.9388822,0.9388822,0,0,0,350.9471,359.2726,9.168056,0,0,0,-9.053,-0.7270001,9.168,12.85711,1647.056,465.5788,,,
anditest,1,Speed,Complexity,12.96204,-32.45,1.39,-4.16,2.090342,1,-0.34,0.63,-2.083342,-0.34,0.63,0.007,0.9388822,0.9388822,0.9388822,0,0,0,350.9471,359.2726,9.168056,0,0,0,-9.053,-0.7270001,9.168,12.85711,1647.056,465.5788,next,,pressed
anditest,2,Accuracy,Complexity,13.04418,-32.45,1.39,-4.16,2.692643,2,-0.34,0.63,-2.685643,-0.34,0.63,0.007,0.8857379,0.8857379,0.8857379,0,0,0,342.1334,357.0179,18.80498,0,0,0,-17.867,-2.982,18.805,25.71429,1647.056,465.5788,,,
anditest,2,Accuracy,Complexity,13.1516,-32.45,1.39,-4.16,2.692643,2,-0.34,0.63,-2.685643,-0.34,0.63,0.007,0.8857379,0.8857379,0.8857379,0,0,0,342.1334,357.0179,18.80498,0,0,0,-17.867,-2.982,18.805,25.71429,1655.391,465.5788,,,
anditest,2,Accuracy,Complexity,13.25743,-32.45,1.39,-4.16,2.692643,2,-0.34,0.63,-2.685643,-0.34,0.63,0.007,0.8857379,0.8857379,0.8857379,0,0,0,342.1334,357.0179,18.80498,0,0,0,-17.867,-2.982,18.805,25.71429,1848.291,426.2845,,,
anditest,2,Accuracy,Complexity,13.36331,-32.45,1.39,-4.16,2.692643,2,-0.34,0.63,-2.685643,-0.34,0.63,0.007,0.8857379,0.8857379,0.8857379,0,0,0,342.1334,357.0179,18.80498,0,0,0,-17.867,-2.982,18.805,25.71429,1872.106,422.7122,,,
anditest,2,Accuracy,Complexity,13.47224,-32.45,1.39,-4.16,2.692643,2,-0.34,0.63,-2.685643,-0.34,0.63,0.007,0.8857379,0.8857379,0.8857379,0,0,0,342.1334,357.0179,18.80498,0,0,0,-17.867,-2.982,18.805,25.71429,1872.106,422.7122,,,
anditest,2,Accuracy,Complexity,13.58078,-32.45,1.39,-4.16,2.692643,2,-0.34,0.63,-2.685643,-0.34,0.63,0.007,0.8857379,0.8857379,0.8857379,0,0,0,342.1334,357.0179,18.80498,0,0,0,-17.867,-2.982,18.805,25.71429,1872.106,422.7122,,,
anditest,2,Accuracy,Complexity,13.72199,-32.45,1.39,-4.16,2.692643,2,-0.34,0.63,-2.685643,-0.34,0.63,0.007,0.8857379,0.8857379,0.8857379,0,0,0,342.1334,357.0179,18.80498,0,0,0,-17.867,-2.982,18.805,25.71429,1872.106,420.3307,,,
anditest,2,Accuracy,Complexity,13.83034,-32.45,1.39,-4.16,2.692643,2,-0.34,0.63,-2.685643,-0.34,0.63,0.007,0.8857379,0.8857379,0.8857379,0,0,0,342.1334,357.0179,18.80498,0,0,0,-17.867,-2.982,18.805,25.71429,1872.106,420.3307,,,
anditest,2,Accuracy,Complexity,13.94131,-32.45,1.39,-4.16,2.692643,2,-0.34,0.63,-2.685643,-0.34,0.63,0.007,0.8857379,0.8857379,0.8857379,0,0,0,342.1334,357.0179,18.80498,0,0,0,-17.867,-2.982,18.805,25.71429,1872.106,420.3307,,,
anditest,2,Accuracy,Complexity,14.05194,-32.45,1.39,-4.16,2.692643,2,-0.34,0.63,-2.685643,-0.34,0.63,0.007,0.8857379,0.8857379,0.8857379,0,0,0,342.1334,357.0179,18.80498,0,0,0,-17.867,-2.982,18.805,25.71429,1872.106,420.3307,,,
anditest,2,Accuracy,Complexity,14.15755,-32.45,1.39,-4.16,2.692643,2,-0.34,0.63,-2.685643,-0.34,0.63,0.007,0.8857379,0.8857379,0.8857379,0,0,0,342.1334,357.0179,18.80498,0,0,0,-17.867,-2.982,18.805,25.71429,1872.106,420.3307,,,
anditest,2,Accuracy,Complexity,14.2668,-32.45,1.39,-4.16,2.692643,2,-0.34,0.63,-2.685643,-0.34,0.63,0.007,0.8857379,0.8857379,0.8857379,0,0,0,342.1334,357.0179,18.80498,0,0,0,-17.867,-2.982,18.805,25.71429,1872.106,420.3307,,,
anditest,2,Accuracy,Complexity,14.3751,-32.45,1.39,-4.16,2.692643,2,-0.34,0.63,-2.685643,-0.34,0.63,0.007,0.8857379,0.8857379,0.8857379,0,0,0,342.1334,357.0179,18.80498,0,0,0,-17.867,-2.982,18.805,25.71429,1872.106,420.3307,,,
anditest,2,Accuracy,Complexity,14.48101,-32.45,1.39,-4.16,2.692643,2,-0.34,0.63,-2.685643,-0.34,0.63,0.007,0.8857379,0.8857379,0.8857379,0,0,0,342.1334,357.0179,18.80498,0,0,0,-17.867,-2.982,18.805,25.71429,1872.106,420.3307,,,
anditest,2,Accuracy,Complexity,14.59037,-32.45,1.39,-4.16,2.692643,2,-0.34,0.63,-2.685643,-0.34,0.63,0.007,0.8857379,0.8857379,0.8857379,0,0,0,342.1334,357.0179,18.80498,0,0,0,-17.867,-2.982,18.805,25.71429,1872.106,420.3307,,,
anditest,2,Accuracy,Complexity,14.69584,-32.45,1.39,-4.16,2.692643,2,-0.34,0.63,-2.685643,-0.34,0.63,0.007,0.8857379,0.8857379,0.8857379,0,0,0,342.1334,357.0179,18.80498,0,0,0,-17.867,-2.982,18.805,25.71429,1872.106,420.3307,,,
anditest,2,Accuracy,Complexity,14.80227,-32.45,1.39,-4.16,2.692643,2,-0.34,0.63,-2.685643,-0.34,0.63,0.007,0.8857379,0.8857379,0.8857379,0,0,0,342.1334,357.0179,18.80498,0,0,0,-17.867,-2.982,18.805,25.71429,1872.106,420.3307,,,
anditest,2,Accuracy,Complexity,14.90761,-32.45,1.39,-4.16,2.692643,2,-0.34,0.63,-2.685643,-0.34,0.63,0.007,0.8857379,0.8857379,0.8857379,0,0,0,342.1334,357.0179,18.80498,0,0,0,-17.867,-2.982,18.805,25.71429,1872.106,420.3307,,,
anditest,2,Accuracy,Complexity,15.01447,-32.45,1.39,-4.16,2.692643,2,-0.34,0.63,-2.685643,-0.34,0.63,0.007,0.8857379,0.8857379,0.8857379,0,0,0,342.1334,357.0179,18.80498,0,0,0,-17.867,-2.982,18.805,25.71429,1872.106,420.3307,,,
anditest,2,Accuracy,Complexity,15.12189,-32.45,1.39,-4.16,2.692643,2,-0.34,0.63,-2.685643,-0.34,0.63,0.007,0.8857379,0.8857379,0.8857379,0,0,0,342.1334,357.0179,18.80498,0,0,0,-17.867,-2.982,18.805,25.71429,1872.106,420.3307,,,
anditest,2,Accuracy,Complexity,15.2328,-32.45,1.39,-4.16,2.692643,2,-0.34,0.63,-2.685643,-0.34,0.63,0.007,0.8857379,0.8857379,0.8857379,0,0,0,342.1334,357.0179,18.80498,0,0,0,-17.867,-2.982,18.805,25.71429,1872.106,420.3307,,,
anditest,2,Accuracy,Complexity,15.34432,-32.45,1.39,-4.16,2.692643,2,-0.34,0.63,-2.685643,-0.34,0.63,0.007,0.8857379,0.8857379,0.8857379,0,0,0,342.1334,357.0179,18.80498,0,0,0,-17.867,-2.982,18.805,25.71429,1872.106,420.3307,,,
anditest,2,Accuracy,Complexity,15.456,-32.45,1.39,-4.16,2.692643,2,-0.34,0.63,-2.685643,-0.34,0.63,0.007,0.8857379,0.8857379,0.8857379,0,0,0,342.1334,357.0179,18.80498,0,0,0,-17.867,-2.982,18.805,25.71429,1872.106,420.3307,,,
anditest,2,Accuracy,Complexity,15.56138,-32.45,1.39,-4.16,2.692643,2,-0.34,0.63,-2.685643,-0.34,0.63,0.007,0.8857379,0.8857379,0.8857379,0,0,0,342.1334,357.0179,18.80498,0,0,0,-17.867,-2.982,18.805,25.71429,1872.106,420.3307,,,
anditest,2,Accuracy,Complexity,15.66867,-32.45,1.39,-4.16,2.692643,2,-0.34,0.63,-2.685643,-0.34,0.63,0.007,0.8857379,0.8857379,0.8857379,0,0,0,342.1334,357.0179,18.80498,0,0,0,-17.867,-2.982,18.805,25.71429,1872.106,420.3307,,,
anditest,2,Accuracy,Complexity,15.77384,-32.45,1.39,-4.16,2.692643,2,-0.34,0.63,-2.685643,-0.34,0.63,0.007,0.8857379,0.8857379,0.8857379,0,0,0,342.1334,357.0179,18.80498,0,0,0,-17.867,-2.982,18.805,25.71429,1872.106,420.3307,,,
anditest,2,Accuracy,Complexity,15.88057,-32.45,1.39,-4.16,2.692643,2,-0.34,0.63,-2.685643,-0.34,0.63,0.007,0.8857379,0.8857379,0.8857379,0,0,0,342.1334,357.0179,18.80498,0,0,0,-17.867,-2.982,18.805,25.71429,1872.106,420.3307,,,
anditest,2,Accuracy,Complexity,15.98881,-32.45,1.39,-4.16,2.692643,2,-0.34,0.63,-2.685643,-0.34,0.63,0.007,0.8857379,0.8857379,0.8857379,0,0,0,342.1334,357.0179,18.80498,0,0,0,-17.867,-2.982,18.805,25.71429,1872.106,420.3307,,,
anditest,2,Accuracy,Complexity,16.098,-32.45,1.39,-4.16,2.692643,2,-0.34,0.63,-2.685643,-0.34,0.63,0.007,0.8857379,0.8857379,0.8857379,0,0,0,342.1334,357.0179,18.80498,0,0,0,-17.867,-2.982,18.805,25.71429,1872.106,420.3307,,,
anditest,2,Accuracy,Complexity,16.20444,-32.45,1.39,-4.16,2.692643,2,-0.34,0.63,-2.685643,-0.34,0.63,0.007,0.8857379,0.8857379,0.8857379,0,0,0,342.1334,357.0179,18.80498,0,0,0,-17.867,-2.982,18.805,25.71429,1872.106,420.3307,,,
anditest,2,Accuracy,Complexity,16.31391,-32.45,1.39,-4.16,2.692643,2,-0.34,0.63,-2.685643,-0.34,0.63,0.007,0.8857379,0.8857379,0.8857379,0,0,0,342.1334,357.0179,18.80498,0,0,0,-17.867,-2.982,18.805,25.71429,1872.106,420.3307,,,
anditest,2,Accuracy,Complexity,16.42322,-32.45,1.39,-4.16,2.692643,2,-0.34,0.63,-2.685643,-0.34,0.63,0.007,0.8857379,0.8857379,0.8857379,0,0,0,342.1334,357.0179,18.80498,0,0,0,-17.867,-2.982,18.805,25.71429,1872.106,420.3307,,,
anditest,2,Accuracy,Complexity,16.5321,-32.45,1.39,-4.16,2.692643,2,-0.34,0.63,-2.685643,-0.34,0.63,0.007,0.8857379,0.8857379,0.8857379,0,0,0,342.1334,357.0179,18.80498,0,0,0,-17.867,-2.982,18.805,25.71429,1872.106,420.3307,,,
anditest,2,Accuracy,Complexity,16.63893,-32.45,1.39,-4.16,2.692643,2,-0.34,0.63,-2.685643,-0.34,0.63,0.007,0.8857379,0.8857379,0.8857379,0,0,0,342.1334,357.0179,18.80498,0,0,0,-17.867,-2.982,18.805,25.71429,1872.106,420.3307,,,
anditest,2,Accuracy,Complexity,16.77996,-32.45,1.39,-4.16,2.692643,2,-0.34,0.63,-2.685643,-0.34,0.63,0.007,0.8857379,0.8857379,0.8857379,0,0,0,342.1334,357.0179,18.80498,0,0,0,-17.867,-2.982,18.805,25.71429,1872.106,420.3307,,,
anditest,2,Accuracy,Complexity,16.88591,-32.45,1.39,-4.16,2.692643,2,-0.34,0.63,-2.685643,-0.34,0.63,0.007,0.8857379,0.8857379,0.8857379,0,0,0,342.1334,357.0179,18.80498,0,0,0,-17.867,-2.982,18.805,25.71429,1872.106,420.3307,,,
anditest,2,Accuracy,Complexity,16.99305,-32.45,1.39,-4.16,2.692643,2,-0.34,0.63,-2.685643,-0.34,0.63,0.007,0.8857379,0.8857379,0.8857379,0,0,0,342.1334,357.0179,18.80498,0,0,0,-17.867,-2.982,18.805,25.71429,1872.106,420.3307,,,
anditest,2,Accuracy,Complexity,17.10069,-32.45,1.39,-4.16,2.692643,2,-0.34,0.63,-2.685643,-0.34,0.63,0.007,0.8857379,0.8857379,0.8857379,0,0,0,342.1334,357.0179,18.80498,0,0,0,-17.867,-2.982,18.805,25.71429,1872.106,420.3307,,,
anditest,2,Accuracy,Complexity,17.20962,-32.45,1.39,-4.16,2.692643,2,-0.34,0.63,-2.685643,-0.34,0.63,0.007,0.8857379,0.8857379,0.8857379,0,0,0,342.1334,357.0179,18.80498,0,0,0,-17.867,-2.982,18.805,25.71429,1872.106,420.3307,,,
anditest,2,Accuracy,Complexity,17.31699,-32.45,1.39,-4.16,2.692643,2,-0.34,0.63,-2.685643,-0.34,0.63,0.007,0.8857379,0.8857379,0.8857379,0,0,0,342.1334,357.0179,18.80498,0,0,0,-17.867,-2.982,18.805,25.71429,1872.106,420.3307,,,
anditest,2,Accuracy,Complexity,17.42338,-32.45,1.39,-4.16,2.692643,2,-0.34,0.63,-2.685643,-0.34,0.63,0.007,0.8857379,0.8857379,0.8857379,0,0,0,342.1334,357.0179,18.80498,0,0,0,-17.867,-2.982,18.805,25.71429,1872.106,420.3307,,,
anditest,2,Accuracy,Complexity,17.53369,-32.45,1.39,-4.16,2.692643,2,-0.34,0.63,-2.685643,-0.34,0.63,0.007,0.8857379,0.8857379,0.8857379,0,0,0,342.1334,357.0179,18.80498,0,0,0,-17.867,-2.982,18.805,25.71429,1872.106,420.3307,,,
anditest,2,Accuracy,Complexity,17.64223,-32.45,1.39,-4.16,2.692643,2,-0.34,0.63,-2.685643,-0.34,0.63,0.007,0.8857379,0.8857379,0.8857379,0,0,0,342.1334,357.0179,18.80498,0,0,0,-17.867,-2.982,18.805,25.71429,1872.106,420.3307,,,
anditest,2,Accuracy,Complexity,17.75205,-32.45,1.39,-4.16,2.692643,2,-0.34,0.63,-2.685643,-0.34,0.63,0.007,0.8857379,0.8857379,0.8857379,0,0,0,342.1334,357.0179,18.80498,0,0,0,-17.867,-2.982,18.805,25.71429,1872.106,420.3307,,,
anditest,2,Accuracy,Complexity,17.85926,-32.45,1.39,-4.16,2.692643,2,-0.34,0.63,-2.685643,-0.34,0.63,0.007,0.8857379,0.8857379,0.8857379,0,0,0,342.1334,357.0179,18.80498,0,0,0,-17.867,-2.982,18.805,25.71429,1872.106,420.3307,,,
anditest,2,Accuracy,Complexity,17.96713,-32.45,1.39,-4.16,2.692643,2,-0.34,0.63,-2.685643,-0.34,0.63,0.007,0.8857379,0.8857379,0.8857379,0,0,0,342.1334,357.0179,18.80498,0,0,0,-17.867,-2.982,18.805,25.71429,1872.106,420.3307,,,
anditest,2,Accuracy,Complexity,18.07137,-32.45,1.39,-4.16,2.692643,2,-0.34,0.63,-2.685643,-0.34,0.63,0.007,0.8857379,0.8857379,0.8857379,0,0,0,342.1334,357.0179,18.80498,0,0,0,-17.867,-2.982,18.805,25.71429,1872.106,420.3307,,,
anditest,2,Accuracy,Complexity,18.1771,-32.45,1.39,-4.16,2.692643,2,-0.34,0.63,-2.685643,-0.34,0.63,0.007,0.8857379,0.8857379,0.8857379,0,0,0,342.1334,357.0179,18.80498,0,0,0,-17.867,-2.982,18.805,25.71429,1872.106,420.3307,,,
anditest,2,Accuracy,Complexity,18.2829,-32.45,1.39,-4.16,2.692643,2,-0.34,0.63,-2.685643,-0.34,0.63,0.007,0.8857379,0.8857379,0.8857379,0,0,0,342.1334,357.0179,18.80498,0,0,0,-17.867,-2.982,18.805,25.71429,1872.106,420.3307,,,
anditest,2,Accuracy,Complexity,18.3894,-32.45,1.39,-4.16,2.692643,2,-0.34,0.63,-2.685643,-0.34,0.63,0.007,0.8857379,0.8857379,0.8857379,0,0,0,342.1334,357.0179,18.80498,0,0,0,-17.867,-2.982,18.805,25.71429,1872.106,420.3307,,,
anditest,2,Accuracy,Complexity,18.50041,-32.45,1.39,-4.16,2.692643,2,-0.34,0.63,-2.685643,-0.34,0.63,0.007,0.8857379,0.8857379,0.8857379,0,0,0,342.1334,357.0179,18.80498,0,0,0,-17.867,-2.982,18.805,25.71429,1872.106,420.3307,,,
anditest,2,Accuracy,Complexity,18.60884,-32.45,1.39,-4.16,2.692643,2,-0.34,0.63,-2.685643,-0.34,0.63,0.007,0.8857379,0.8857379,0.8857379,0,0,0,342.1334,357.0179,18.80498,0,0,0,-17.867,-2.982,18.805,25.71429,1872.106,420.3307,,,
anditest,2,Accuracy,Complexity,18.71878,-32.45,1.39,-4.16,2.692643,2,-0.34,0.63,-2.685643,-0.34,0.63,0.007,0.8857379,0.8857379,0.8857379,0,0,0,342.1334,357.0179,18.80498,0,0,0,-17.867,-2.982,18.805,25.71429,1872.106,420.3307,,,
anditest,2,Accuracy,Complexity,18.82616,-32.45,1.39,-4.16,2.692643,2,-0.34,0.63,-2.685643,-0.34,0.63,0.007,0.8857379,0.8857379,0.8857379,0,0,0,342.1334,357.0179,18.80498,0,0,0,-17.867,-2.982,18.805,25.71429,1872.106,420.3307,,,
anditest,2,Accuracy,Complexity,18.93628,-32.45,1.39,-4.16,2.692643,2,-0.34,0.63,-2.685643,-0.34,0.63,0.007,0.8857379,0.8857379,0.8857379,0,0,0,342.1334,357.0179,18.80498,0,0,0,-17.867,-2.982,18.805,25.71429,1872.106,420.3307,,,
anditest,2,Accuracy,Complexity,19.04375,-32.45,1.39,-4.16,2.692643,2,-0.34,0.63,-2.685643,-0.34,0.63,0.007,0.8857379,0.8857379,0.8857379,0,0,0,342.1334,357.0179,18.80498,0,0,0,-17.867,-2.982,18.805,25.71429,1872.106,420.3307,,,
anditest,2,Accuracy,Complexity,19.1491,-32.45,1.39,-4.16,2.692643,2,-0.34,0.63,-2.685643,-0.34,0.63,0.007,0.8857379,0.8857379,0.8857379,0,0,0,342.1334,357.0179,18.80498,0,0,0,-17.867,-2.982,18.805,25.71429,1872.106,420.3307,,,
anditest,2,Accuracy,Complexity,19.25625,-32.45,1.39,-4.16,2.692643,2,-0.34,0.63,-2.685643,-0.34,0.63,0.007,0.8857379,0.8857379,0.8857379,0,0,0,342.1334,357.0179,18.80498,0,0,0,-17.867,-2.982,18.805,25.71429,1872.106,420.3307,,,
anditest,2,Accuracy,Complexity,19.36372,-32.45,1.39,-4.16,2.692643,2,-0.34,0.63,-2.685643,-0.34,0.63,0.007,0.8857379,0.8857379,0.8857379,0,0,0,342.1334,357.0179,18.80498,0,0,0,-17.867,-2.982,18.805,25.71429,1872.106,420.3307,,,
anditest,2,Accuracy,Complexity,19.47233,-32.45,1.39,-4.16,2.692643,2,-0.34,0.63,-2.685643,-0.34,0.63,0.007,0.8857379,0.8857379,0.8857379,0,0,0,342.1334,357.0179,18.80498,0,0,0,-17.867,-2.982,18.805,25.71429,1872.106,420.3307,,,
anditest,2,Accuracy,Complexity,19.58352,-32.45,1.39,-4.16,2.692643,2,-0.34,0.63,-2.685643,-0.34,0.63,0.007,0.8857379,0.8857379,0.8857379,0,0,0,342.1334,357.0179,18.80498,0,0,0,-17.867,-2.982,18.805,25.71429,1872.106,420.3307,,,
anditest,2,Accuracy,Complexity,19.69535,-32.45,1.39,-4.16,2.692643,2,-0.34,0.63,-2.685643,-0.34,0.63,0.007,0.8857379,0.8857379,0.8857379,0,0,0,342.1334,357.0179,18.80498,0,0,0,-17.867,-2.982,18.805,25.71429,1872.106,420.3307,,,
anditest,2,Accuracy,Complexity,19.80486,-32.45,1.39,-4.16,2.692643,2,-0.34,0.63,-2.685643,-0.34,0.63,0.007,0.8857379,0.8857379,0.8857379,0,0,0,342.1334,357.0179,18.80498,0,0,0,-17.867,-2.982,18.805,25.71429,1872.106,420.3307,,,
anditest,2,Accuracy,Complexity,19.91303,-32.45,1.39,-4.16,2.692643,2,-0.34,0.63,-2.685643,-0.34,0.63,0.007,0.8857379,0.8857379,0.8857379,0,0,0,342.1334,357.0179,18.80498,0,0,0,-17.867,-2.982,18.805,25.71429,1872.106,420.3307,,,
anditest,2,Accuracy,Complexity,20.0229,-32.45,1.39,-4.16,2.692643,2,-0.34,0.63,-2.685643,-0.34,0.63,0.007,0.8857379,0.8857379,0.8857379,0,0,0,342.1334,357.0179,18.80498,0,0,0,-17.867,-2.982,18.805,25.71429,1872.106,420.3307,,,
anditest,2,Accuracy,Complexity,20.12849,-32.45,1.39,-4.16,2.692643,2,-0.34,0.63,-2.685643,-0.34,0.63,0.007,0.8857379,0.8857379,0.8857379,0,0,0,342.1334,357.0179,18.80498,0,0,0,-17.867,-2.982,18.805,25.71429,1872.106,420.3307,,,
anditest,2,Accuracy,Complexity,20.23772,-32.45,1.39,-4.16,2.692643,2,-0.34,0.63,-2.685643,-0.34,0.63,0.007,0.8857379,0.8857379,0.8857379,0,0,0,342.1334,357.0179,18.80498,0,0,0,-17.867,-2.982,18.805,25.71429,1872.106,420.3307,,,
anditest,2,Accuracy,Complexity,20.34515,-32.45,1.39,-4.16,2.692643,2,-0.34,0.63,-2.685643,-0.34,0.63,0.007,0.8857379,0.8857379,0.8857379,0,0,0,342.1334,357.0179,18.80498,0,0,0,-17.867,-2.982,18.805,25.71429,1872.106,420.3307,,,
anditest,2,Accuracy,Complexity,20.45456,-32.45,1.39,-4.16,2.692643,2,-0.34,0.63,-2.685643,-0.34,0.63,0.007,0.8857379,0.8857379,0.8857379,0,0,0,342.1334,357.0179,18.80498,0,0,0,-17.867,-2.982,18.805,25.71429,1872.106,420.3307,,,
anditest,2,Accuracy,Complexity,20.5618,-32.45,1.39,-4.16,2.692643,2,-0.34,0.63,-2.685643,-0.34,0.63,0.007,0.8857379,0.8857379,0.8857379,0,0,0,342.1334,357.0179,18.80498,0,0,0,-17.867,-2.982,18.805,25.71429,1872.106,420.3307,,,
anditest,2,Accuracy,Complexity,20.67043,-32.45,1.39,-4.16,2.692643,2,-0.34,0.63,-2.685643,-0.34,0.63,0.007,0.8857379,0.8857379,0.8857379,0,0,0,342.1334,357.0179,18.80498,0,0,0,-17.867,-2.982,18.805,25.71429,1872.106,420.3307,,,
anditest,2,Accuracy,Complexity,20.77859,-32.45,1.39,-4.16,2.692643,2,-0.34,0.63,-2.685643,-0.34,0.63,0.007,0.8857379,0.8857379,0.8857379,0,0,0,342.1334,357.0179,18.80498,0,0,0,-17.867,-2.982,18.805,25.71429,1872.106,420.3307,,,
anditest,2,Accuracy,Complexity,20.88617,-32.45,1.39,-4.16,2.692643,2,-0.34,0.63,-2.685643,-0.34,0.63,0.007,0.8857379,0.8857379,0.8857379,0,0,0,342.1334,357.0179,18.80498,0,0,0,-17.867,-2.982,18.805,25.71429,1872.106,420.3307,,,
anditest,2,Accuracy,Complexity,20.99368,-32.45,1.39,-4.16,2.692643,2,-0.34,0.63,-2.685643,-0.34,0.63,0.007,0.8857379,0.8857379,0.8857379,0,0,0,342.1334,357.0179,18.80498,0,0,0,-17.867,-2.982,18.805,25.71429,1872.106,420.3307,,,
anditest,2,Accuracy,Complexity,21.10071,-32.45,1.39,-4.16,2.692643,2,-0.34,0.63,-2.685643,-0.34,0.63,0.007,0.8857379,0.8857379,0.8857379,0,0,0,342.1334,357.0179,18.80498,0,0,0,-17.867,-2.982,18.805,25.71429,1872.106,420.3307,,,
anditest,2,Accuracy,Complexity,21.20972,-32.45,1.39,-4.16,2.692643,2,-0.34,0.63,-2.685643,-0.34,0.63,0.007,0.8857379,0.8857379,0.8857379,0,0,0,342.1334,357.0179,18.80498,0,0,0,-17.867,-2.982,18.805,25.71429,1872.106,420.3307,,,
anditest,2,Accuracy,Complexity,21.3212,-32.45,1.39,-4.16,2.692643,2,-0.34,0.63,-2.685643,-0.34,0.63,0.007,0.8857379,0.8857379,0.8857379,0,0,0,342.1334,357.0179,18.80498,0,0,0,-17.867,-2.982,18.805,25.71429,1870.915,420.3307,,,
anditest,2,Accuracy,Complexity,21.42931,-32.45,1.39,-4.16,2.692643,2,-0.34,0.63,-2.685643,-0.34,0.63,0.007,0.8857379,0.8857379,0.8857379,0,0,0,342.1334,357.0179,18.80498,0,0,0,-17.867,-2.982,18.805,25.71429,1864.961,410.8048,,,
anditest,2,Accuracy,Complexity,21.53943,-32.45,1.39,-4.16,2.692643,2,-0.34,0.63,-2.685643,-0.34,0.63,0.007,0.8857379,0.8857379,0.8857379,0,0,0,342.1334,357.0179,18.80498,0,0,0,-17.867,-2.982,18.805,25.71429,1853.054,406.0419,,,
anditest,2,Accuracy,Complexity,21.64754,-32.45,1.39,-4.16,2.692643,2,-0.34,0.63,-2.685643,-0.34,0.63,0.007,0.8857379,0.8857379,0.8857379,0,0,0,342.1334,357.0179,18.80498,0,0,0,-17.867,-2.982,18.805,25.71429,1801.852,403.6604,,,
anditest,2,Accuracy,Complexity,21.75707,-32.45,1.39,-4.16,2.692643,2,-0.34,0.63,-2.685643,-0.34,0.63,0.007,0.8857379,0.8857379,0.8857379,0,0,0,342.1334,357.0179,18.80498,0,0,0,-17.867,-2.982,18.805,25.71429,1701.83,413.1863,,,
anditest,2,Accuracy,Complexity,21.87059,-32.45,1.39,-4.16,2.692643,2,-0.34,0.63,-2.685643,-0.34,0.63,0.007,0.8857379,0.8857379,0.8857379,0,0,0,342.1334,357.0179,18.80498,0,0,0,-17.867,-2.982,18.805,25.71429,1636.34,439.3826,,,
anditest,2,Accuracy,Complexity,21.9768,-32.45,1.39,-4.16,2.692643,2,-0.34,0.63,-2.685643,-0.34,0.63,0.007,0.8857379,0.8857379,0.8857379,0,0,0,342.1334,357.0179,18.80498,0,0,0,-17.867,-2.982,18.805,25.71429,1631.577,464.3881,,,
anditest,2,Accuracy,Complexity,22.08473,-32.45,1.39,-4.16,2.692643,2,-0.34,0.63,-2.685643,-0.34,0.63,0.007,0.8857379,0.8857379,0.8857379,0,0,0,342.1334,357.0179,18.80498,0,0,0,-17.867,-2.982,18.805,25.71429,1637.53,478.6769,,,
anditest,2,Accuracy,Complexity,22.19124,-32.45,1.39,-4.16,2.692643,2,-0.34,0.63,-2.685643,-0.34,0.63,0.007,0.8857379,0.8857379,0.8857379,0,0,0,342.1334,357.0179,18.80498,0,0,0,-17.867,-2.982,18.805,25.71429,1637.53,478.6769,,,
anditest,2,Accuracy,Complexity,22.29596,-32.45,1.39,-4.16,2.692643,2,-0.34,0.63,-2.685643,-0.34,0.63,0.007,0.8857379,0.8857379,0.8857379,0,0,0,342.1334,357.0179,18.80498,0,0,0,-17.867,-2.982,18.805,25.71429,1637.53,478.6769,,,
anditest,2,Accuracy,Complexity,22.40347,-32.45,1.39,-4.16,2.692643,2,-0.34,0.63,-2.685643,-0.34,0.63,0.007,0.8857379,0.8857379,0.8857379,0,0,0,342.1334,357.0179,18.80498,0,0,0,-17.867,-2.982,18.805,25.71429,1638.721,476.2955,,,
anditest,2,Accuracy,Complexity,22.51128,-32.45,1.39,-4.16,2.692643,2,-0.34,0.63,-2.685643,-0.34,0.63,0.007,0.8857379,0.8857379,0.8857379,0,0,0,342.1334,357.0179,18.80498,0,0,0,-17.867,-2.982,18.805,25.71429,1638.721,476.2955,,,
anditest,2,Accuracy,Complexity,22.61873,-32.45,1.39,-4.16,2.692643,2,-0.34,0.63,-2.685643,-0.34,0.63,0.007,0.8857379,0.8857379,0.8857379,0,0,0,342.1334,357.0179,18.80498,0,0,0,-17.867,-2.982,18.805,25.71429,1638.721,476.2955,,,
anditest,2,Accuracy,Complexity,22.72927,-32.45,1.39,-4.16,2.692643,2,-0.34,0.63,-2.685643,-0.34,0.63,0.007,0.8857379,0.8857379,0.8857379,0,0,0,342.1334,357.0179,18.80498,0,0,0,-17.867,-2.982,18.805,25.71429,1638.721,476.2955,,,
anditest,2,Accuracy,Complexity,22.83002,-32.45,1.39,-4.16,2.692643,2,-0.34,0.63,-2.685643,-0.34,0.63,0.007,0.8857379,0.8857379,0.8857379,0,0,0,342.1334,357.0179,18.80498,0,0,0,-17.867,-2.982,18.805,25.71429,1638.721,476.2955,mouse,left,down
anditest,2,Accuracy,Complexity,22.84378,-32.45,1.39,-4.16,2.692643,2,-0.34,0.63,-2.685643,-0.34,0.63,0.007,0.8857379,0.8857379,0.8857379,0,0,0,342.1334,357.0179,18.80498,0,0,0,-17.867,-2.982,18.805,25.71429,1638.721,476.2955,,,
anditest,2,Accuracy,Complexity,22.9247,-32.45,1.39,-4.16,2.692643,2,-0.34,0.63,-2.685643,-0.34,0.63,0.007,0.8857379,0.8857379,0.8857379,0,0,0,342.1334,357.0179,18.80498,0,0,0,-17.867,-2.982,18.805,25.71429,1638.721,476.2955,next,,pressed
anditest,3,SpeedShort,Complexity,22.96054,-32.45,1.39,-4.16,3.294945,3,-0.34,0.63,-3.287945,-0.34,0.63,0.007,0.8325936,0.8325936,0.8325936,0,0,0,333.8403,353.0194,29.41861,0,0,0,-26.16,-6.981,29.419,38.57142,1638.721,476.2955,,,
anditest,3,SpeedShort,Complexity,23.07018,-32.45,1.39,-4.16,3.294945,3,-0.34,0.63,-3.287945,-0.34,0.63,0.007,0.8325936,0.8325936,0.8325936,0,0,0,333.8403,353.0194,29.41861,0,0,0,-26.16,-6.981,29.419,38.57142,1638.721,476.2955,,,
anditest,3,SpeedShort,Complexity,23.17668,-32.45,1.39,-4.16,3.294945,3,-0.34,0.63,-3.287945,-0.34,0.63,0.007,0.8325936,0.8325936,0.8325936,0,0,0,333.8403,353.0194,29.41861,0,0,0,-26.16,-6.981,29.419,38.57142,1638.721,476.2955,,,
anditest,3,SpeedShort,Complexity,23.28614,-32.45,1.39,-4.16,3.294945,3,-0.34,0.63,-3.287945,-0.34,0.63,0.007,0.8325936,0.8325936,0.8325936,0,0,0,333.8403,353.0194,29.41861,0,0,0,-26.16,-6.981,29.419,38.57142,1669.68,465.5788,,,
anditest,3,SpeedShort,Complexity,23.39832,-32.45,1.39,-4.16,3.294945,3,-0.34,0.63,-3.287945,-0.34,0.63,0.007,0.8325936,0.8325936,0.8325936,0,0,0,333.8403,353.0194,29.41861,0,0,0,-26.16,-6.981,29.419,38.57142,1749.46,448.9085,,,
anditest,3,SpeedShort,Complexity,23.5074,-32.45,1.39,-4.16,3.294945,3,-0.34,0.63,-3.287945,-0.34,0.63,0.007,0.8325936,0.8325936,0.8325936,0,0,0,333.8403,353.0194,29.41861,0,0,0,-26.16,-6.981,29.419,38.57142,1773.275,446.527,,,
anditest,3,SpeedShort,Complexity,23.61777,-32.45,1.39,-4.16,3.294945,3,-0.34,0.63,-3.287945,-0.34,0.63,0.007,0.8325936,0.8325936,0.8325936,0,0,0,333.8403,353.0194,29.41861,0,0,0,-26.16,-6.981,29.419,38.57142,1773.275,446.527,,,
anditest,3,SpeedShort,Complexity,23.72286,-32.45,1.39,-4.16,3.294945,3,-0.34,0.63,-3.287945,-0.34,0.63,0.007,0.8325936,0.8325936,0.8325936,0,0,0,333.8403,353.0194,29.41861,0,0,0,-26.16,-6.981,29.419,38.57142,1773.275,446.527,,,
anditest,3,SpeedShort,Complexity,23.86773,-32.45,1.39,-4.16,3.294945,3,-0.34,0.63,-3.287945,-0.34,0.63,0.007,0.8325936,0.8325936,0.8325936,0,0,0,333.8403,353.0194,29.41861,0,0,0,-26.16,-6.981,29.419,38.57142,1773.275,446.527,,,
anditest,3,SpeedShort,Complexity,23.97487,-32.45,1.39,-4.16,3.294945,3,-0.34,0.63,-3.287945,-0.34,0.63,0.007,0.8325936,0.8325936,0.8325936,0,0,0,333.8403,353.0194,29.41861,0,0,0,-26.16,-6.981,29.419,38.57142,1773.275,446.527,,,
anditest,3,SpeedShort,Complexity,24.08143,-32.45,1.39,-4.16,3.294945,3,-0.34,0.63,-3.287945,-0.34,0.63,0.007,0.8325936,0.8325936,0.8325936,0,0,0,333.8403,353.0194,29.41861,0,0,0,-26.16,-6.981,29.419,38.57142,1773.275,446.527,,,
anditest,3,SpeedShort,Complexity,24.18979,-32.45,1.39,-4.16,3.294945,3,-0.34,0.63,-3.287945,-0.34,0.63,0.007,0.8325936,0.8325936,0.8325936,0,0,0,333.8403,353.0194,29.41861,0,0,0,-26.16,-6.981,29.419,38.57142,1773.275,446.527,,,
anditest,3,SpeedShort,Complexity,24.30372,-32.45,1.39,-4.16,3.294945,3,-0.34,0.63,-3.287945,-0.34,0.63,0.007,0.8325936,0.8325936,0.8325936,0,0,0,333.8403,353.0194,29.41861,0,0,0,-26.16,-6.981,29.419,38.57142,1773.275,446.527,,,
anditest,3,SpeedShort,Complexity,24.41104,-32.45,1.39,-4.16,3.294945,3,-0.34,0.63,-3.287945,-0.34,0.63,0.007,0.8325936,0.8325936,0.8325936,0,0,0,333.8403,353.0194,29.41861,0,0,0,-26.16,-6.981,29.419,38.57142,1773.275,446.527,,,
anditest,3,SpeedShort,Complexity,24.52255,-32.45,1.39,-4.16,3.294945,3,-0.34,0.63,-3.287945,-0.34,0.63,0.007,0.8325936,0.8325936,0.8325936,0,0,0,333.8403,353.0194,29.41861,0,0,0,-26.16,-6.981,29.419,38.57142,1773.275,446.527,,,
anditest,3,SpeedShort,Complexity,24.62949,-32.45,1.39,-4.16,3.294945,3,-0.34,0.63,-3.287945,-0.34,0.63,0.007,0.8325936,0.8325936,0.8325936,0,0,0,333.8403,353.0194,29.41861,0,0,0,-26.16,-6.981,29.419,38.57142,1773.275,446.527,,,
anditest,3,SpeedShort,Complexity,24.73527,-32.45,1.39,-4.16,3.294945,3,-0.34,0.63,-3.287945,-0.34,0.63,0.007,0.8325936,0.8325936,0.8325936,0,0,0,333.8403,353.0194,29.41861,0,0,0,-26.16,-6.981,29.419,38.57142,1773.275,446.527,,,
anditest,3,SpeedShort,Complexity,24.84456,-32.45,1.39,-4.16,3.294945,3,-0.34,0.63,-3.287945,-0.34,0.63,0.007,0.8325936,0.8325936,0.8325936,0,0,0,333.8403,353.0194,29.41861,0,0,0,-26.16,-6.981,29.419,38.57142,1773.275,446.527,,,
anditest,3,SpeedShort,Complexity,24.95414,-32.45,1.39,-4.16,3.294945,3,-0.34,0.63,-3.287945,-0.34,0.63,0.007,0.8325936,0.8325936,0.8325936,0,0,0,333.8403,353.0194,29.41861,0,0,0,-26.16,-6.981,29.419,38.57142,1773.275,446.527,,,
anditest,3,SpeedShort,Complexity,25.06171,-32.45,1.39,-4.16,3.294945,3,-0.34,0.63,-3.287945,-0.34,0.63,0.007,0.8325936,0.8325936,0.8325936,0,0,0,333.8403,353.0194,29.41861,0,0,0,-26.16,-6.981,29.419,38.57142,1773.275,446.527,,,
anditest,3,SpeedShort,Complexity,25.16867,-32.45,1.39,-4.16,3.294945,3,-0.34,0.63,-3.287945,-0.34,0.63,0.007,0.8325936,0.8325936,0.8325936,0,0,0,333.8403,353.0194,29.41861,0,0,0,-26.16,-6.981,29.419,38.57142,1773.275,446.527,,,
anditest,3,SpeedShort,Complexity,25.27687,-32.45,1.39,-4.16,3.294945,3,-0.34,0.63,-3.287945,-0.34,0.63,0.007,0.8325936,0.8325936,0.8325936,0,0,0,333.8403,353.0194,29.41861,0,0,0,-26.16,-6.981,29.419,38.57142,1773.275,446.527,,,
anditest,3,SpeedShort,Complexity,25.38383,-32.45,1.39,-4.16,3.294945,3,-0.34,0.63,-3.287945,-0.34,0.63,0.007,0.8325936,0.8325936,0.8325936,0,0,0,333.8403,353.0194,29.41861,0,0,0,-26.16,-6.981,29.419,38.57142,1773.275,446.527,,,
anditest,3,SpeedShort,Complexity,25.49368,-32.45,1.39,-4.16,3.294945,3,-0.34,0.63,-3.287945,-0.34,0.63,0.007,0.8325936,0.8325936,0.8325936,0,0,0,333.8403,353.0194,29.41861,0,0,0,-26.16,-6.981,29.419,38.57142,1773.275,446.527,,,
anditest,3,SpeedShort,Complexity,25.60266,-32.45,1.39,-4.16,3.294945,3,-0.34,0.63,-3.287945,-0.34,0.63,0.007,0.8325936,0.8325936,0.8325936,0,0,0,333.8403,353.0194,29.41861,0,0,0,-26.16,-6.981,29.419,38.57142,1770.893,445.3363,,,
anditest,3,SpeedShort,Complexity,25.70877,-32.45,1.39,-4.16,3.294945,3,-0.34,0.63,-3.287945,-0.34,0.63,0.007,0.8325936,0.8325936,0.8325936,0,0,0,333.8403,353.0194,29.41861,0,0,0,-26.16,-6.981,29.419,38.57142,1760.177,440.5733,,,
anditest,3,SpeedShort,Complexity,25.81632,-32.45,1.39,-4.16,3.294945,3,-0.34,0.63,-3.287945,-0.34,0.63,0.007,0.8325936,0.8325936,0.8325936,0,0,0,333.8403,353.0194,29.41861,0,0,0,-26.16,-6.981,29.419,38.57142,1744.697,439.3826,,,
anditest,3,SpeedShort,Complexity,25.92124,-32.45,1.39,-4.16,3.294945,3,-0.34,0.63,-3.287945,-0.34,0.63,0.007,0.8325936,0.8325936,0.8325936,0,0,0,333.8403,353.0194,29.41861,0,0,0,-26.16,-6.981,29.419,38.57142,1707.784,439.3826,,,
anditest,3,SpeedShort,Complexity,26.02717,-32.45,1.39,-4.16,3.294945,3,-0.34,0.63,-3.287945,-0.34,0.63,0.007,0.8325936,0.8325936,0.8325936,0,0,0,333.8403,353.0194,29.41861,0,0,0,-26.16,-6.981,29.419,38.57142,1673.253,439.3826,,,
anditest,3,SpeedShort,Complexity,26.1354,-32.45,1.39,-4.16,3.294945,3,-0.34,0.63,-3.287945,-0.34,0.63,0.007,0.8325936,0.8325936,0.8325936,0,0,0,333.8403,353.0194,29.41861,0,0,0,-26.16,-6.981,29.419,38.57142,1647.056,439.3826,,,
anditest,3,SpeedShort,Complexity,26.24137,-32.45,1.39,-4.16,3.294945,3,-0.34,0.63,-3.287945,-0.34,0.63,0.007,0.8325936,0.8325936,0.8325936,0,0,0,333.8403,353.0194,29.41861,0,0,0,-26.16,-6.981,29.419,38.57142,1644.675,439.3826,,,
anditest,3,SpeedShort,Complexity,26.35225,-32.45,1.39,-4.16,3.294945,3,-0.34,0.63,-3.287945,-0.34,0.63,0.007,0.8325936,0.8325936,0.8325936,0,0,0,333.8403,353.0194,29.41861,0,0,0,-26.16,-6.981,29.419,38.57142,1637.53,442.9548,,,
anditest,3,SpeedShort,Complexity,26.46066,-32.45,1.39,-4.16,3.294945,3,-0.34,0.63,-3.287945,-0.34,0.63,0.007,0.8325936,0.8325936,0.8325936,0,0,0,333.8403,353.0194,29.41861,0,0,0,-26.16,-6.981,29.419,38.57142,1637.53,442.9548,,,
anditest,3,SpeedShort,Complexity,26.57225,-32.45,1.39,-4.16,3.294945,3,-0.34,0.63,-3.287945,-0.34,0.63,0.007,0.8325936,0.8325936,0.8325936,0,0,0,333.8403,353.0194,29.41861,0,0,0,-26.16,-6.981,29.419,38.57142,1636.34,442.9548,,,
anditest,3,SpeedShort,Complexity,26.68063,-32.45,1.39,-4.16,3.294945,3,-0.34,0.63,-3.287945,-0.34,0.63,0.007,0.8325936,0.8325936,0.8325936,0,0,0,333.8403,353.0194,29.41861,0,0,0,-26.16,-6.981,29.419,38.57142,1636.34,442.9548,,,
anditest,3,SpeedShort,Complexity,26.79165,-32.45,1.39,-4.16,3.294945,3,-0.34,0.63,-3.287945,-0.34,0.63,0.007,0.8325936,0.8325936,0.8325936,0,0,0,333.8403,353.0194,29.41861,0,0,0,-26.16,-6.981,29.419,38.57142,1636.34,442.9548,,,
anditest,3,SpeedShort,Complexity,26.90021,-32.45,1.39,-4.16,3.294945,3,-0.34,0.63,-3.287945,-0.34,0.63,0.007,0.8325936,0.8325936,0.8325936,0,0,0,333.8403,353.0194,29.41861,0,0,0,-26.16,-6.981,29.419,38.57142,1636.34,442.9548,,,
anditest,3,SpeedShort,Complexity,27.01208,-32.45,1.39,-4.16,3.294945,3,-0.34,0.63,-3.287945,-0.34,0.63,0.007,0.8325936,0.8325936,0.8325936,0,0,0,333.8403,353.0194,29.41861,0,0,0,-26.16,-6.981,29.419,38.57142,1636.34,442.9548,,,
anditest,3,SpeedShort,Complexity,27.11811,-32.45,1.39,-4.16,3.294945,3,-0.34,0.63,-3.287945,-0.34,0.63,0.007,0.8325936,0.8325936,0.8325936,0,0,0,333.8403,353.0194,29.41861,0,0,0,-26.16,-6.981,29.419,38.57142,1636.34,442.9548,,,
anditest,3,SpeedShort,Complexity,27.22495,-32.45,1.39,-4.16,3.294945,3,-0.34,0.63,-3.287945,-0.34,0.63,0.007,0.8325936,0.8325936,0.8325936,0,0,0,333.8403,353.0194,29.41861,0,0,0,-26.16,-6.981,29.419,38.57142,1636.34,442.9548,,,
anditest,3,SpeedShort,Complexity,27.33152,-32.45,1.39,-4.16,3.294945,3,-0.34,0.63,-3.287945,-0.34,0.63,0.007,0.8325936,0.8325936,0.8325936,0,0,0,333.8403,353.0194,29.41861,0,0,0,-26.16,-6.981,29.419,38.57142,1636.34,442.9548,,,
anditest,3,SpeedShort,Complexity,27.44186,-32.45,1.39,-4.16,3.294945,3,-0.34,0.63,-3.287945,-0.34,0.63,0.007,0.8325936,0.8325936,0.8325936,0,0,0,333.8403,353.0194,29.41861,0,0,0,-26.16,-6.981,29.419,38.57142,1636.34,442.9548,,,
anditest,3,SpeedShort,Complexity,27.55007,-32.45,1.39,-4.16,3.294945,3,-0.34,0.63,-3.287945,-0.34,0.63,0.007,0.8325936,0.8325936,0.8325936,0,0,0,333.8403,353.0194,29.41861,0,0,0,-26.16,-6.981,29.419,38.57142,1636.34,444.1455,,,
anditest,3,SpeedShort,Complexity,27.65948,-32.45,1.39,-4.16,3.294945,3,-0.34,0.63,-3.287945,-0.34,0.63,0.007,0.8325936,0.8325936,0.8325936,0,0,0,333.8403,353.0194,29.41861,0,0,0,-26.16,-6.981,29.419,38.57142,1638.721,462.0066,,,
anditest,3,SpeedShort,Complexity,27.76851,-32.45,1.39,-4.16,3.294945,3,-0.34,0.63,-3.287945,-0.34,0.63,0.007,0.8325936,0.8325936,0.8325936,0,0,0,333.8403,353.0194,29.41861,0,0,0,-26.16,-6.981,29.419,38.57142,1574.421,515.5898,,,
anditest,3,SpeedShort,Complexity,27.87379,-32.45,1.39,-4.16,3.294945,3,-0.34,0.63,-3.287945,-0.34,0.63,0.007,0.8325936,0.8325936,0.8325936,0,0,0,333.8403,353.0194,29.41861,0,0,0,-26.16,-6.981,29.419,38.57142,1373.186,673.9581,,,
anditest,3,SpeedShort,Complexity,27.98024,-32.45,1.39,-4.16,3.294945,3,-0.34,0.63,-3.287945,-0.34,0.63,0.007,0.8325936,0.8325936,0.8325936,0,0,0,333.8403,353.0194,29.41861,0,0,0,-26.16,-6.981,29.419,38.57142,1150.518,891.8633,,,
anditest,3,SpeedShort,Complexity,28.08658,-32.45,1.39,-4.16,3.294945,3,-0.34,0.63,-3.287945,-0.34,0.63,0.007,0.8325936,0.8325936,0.8325936,0,0,0,333.8403,353.0194,29.41861,0,0,0,-26.16,-6.981,29.419,38.57142,1113.605,983.5502,,,
anditest,3,SpeedShort,Complexity,28.19184,-32.45,1.39,-4.16,3.294945,3,-0.34,0.63,-3.287945,-0.34,0.63,0.007,0.8325936,0.8325936,0.8325936,0,0,0,333.8403,353.0194,29.41861,0,0,0,-26.16,-6.981,29.419,38.57142,998.1036,1054.995,,,
anditest,3,SpeedShort,Complexity,28.30075,-32.45,1.39,-4.16,3.294945,3,-0.34,0.63,-3.287945,-0.34,0.63,0.007,0.8325936,0.8325936,0.8325936,0,0,0,333.8403,353.0194,29.41861,0,0,0,-26.16,-6.981,29.419,38.57142,918.3242,1105.005,,,
anditest,3,SpeedShort,Complexity,28.40769,-32.45,1.39,-4.16,3.294945,3,-0.34,0.63,-3.287945,-0.34,0.63,0.007,0.8325936,0.8325936,0.8325936,0,0,0,333.8403,353.0194,29.41861,0,0,0,-26.16,-6.981,29.419,38.57142,892.1279,1127.63,,,
anditest,3,SpeedShort,Complexity,28.51684,-32.45,1.39,-4.16,3.294945,3,-0.34,0.63,-3.287945,-0.34,0.63,0.007,0.8325936,0.8325936,0.8325936,0,0,0,333.8403,353.0194,29.41861,0,0,0,-26.16,-6.981,29.419,38.57142,895.7001,1146.681,,,
anditest,3,SpeedShort,Complexity,28.63245,-32.45,1.39,-4.16,3.294945,3,-0.34,0.63,-3.287945,-0.34,0.63,0.007,0.8325936,0.8325936,0.8325936,0,0,0,333.8403,353.0194,29.41861,0,0,0,-26.16,-6.981,29.419,38.57142,896.8909,1149.063,,,
anditest,3,SpeedShort,Complexity,28.7775,-32.45,1.39,-4.16,3.294945,3,-0.34,0.63,-3.287945,-0.34,0.63,0.007,0.8325936,0.8325936,0.8325936,0,0,0,333.8403,353.0194,29.41861,0,0,0,-26.16,-6.981,29.419,38.57142,896.8909,1149.063,,,
