userName,condition,taskNumber,focus,ExperimentState,elapsedTime,headsetX,headsetY,headsetZ,ControllerLeftX,ControllerLeftY,ControllerLeftZ,ControllerRightX,ControllerRightY,ControllerRightZ,distance,taskID,currentSliver.transform.position.x,currentSliver.transform.position.y,currentSliver.transform.position.z,currentTarget.transform.position.x,currentTarget.transform.position.y,currentTarget.transform.position.z,objectXLength,objectYLength,objectZLength,currentObjectRotationX,currentObjectRotationY,currentObjectRotationZ,targetRotationX,targetRotationY,targetRotationZ,currentObjectRotationXInspector,currentObjectRotationYInspector,currentObjectRotationZInspector,targetRotationXInspector,targetRotationYInspector,targetRotationZInspector,angle,button,side,status
TESER,Standup,0,Tutorial,Tutorial,0.02,-0.684,0,0.825,-0.684,0,0.825,-0.645667,0,1.193009,0.1781963,0,-0.228,1.478,1.031804,-0.228,1.478,1.21,0.1187976,0.1187976,0.1187976,4.268867E-07,-8.537734E-07,1.707547E-06,0,0,0,0,0,0,0,0,0,0,,,
TESER,Standup,0,Tutorial,Tutorial,3.942122,-0.684,0,0.825,-0.684,0,0.825,-0.645667,0,1.193009,0.1781963,0,-0.228,1.478,1.031804,-0.228,1.478,1.21,0.1187976,0.1187976,0.1187976,4.268867E-07,-8.537734E-07,1.707547E-06,0,0,0,0,0,0,0,0,0,0,,,
TESER,Standup,0,Tutorial,Tutorial,4.204171,-0.684,0,0.825,-0.684,0,0.825,-0.645667,0,1.193009,0.1781963,0,-0.228,1.478,1.031804,-0.228,1.478,1.21,0.1187976,0.1187976,0.1187976,4.268867E-07,-8.537734E-07,1.707547E-06,0,0,0,0,0,0,0,0,0,0,,,
TESER,Standup,0,Tutorial,Tutorial,4.326592,-0.684,0,0.825,-0.684,0,0.825,-0.645667,0,1.193009,0.1781963,0,-0.228,1.478,1.031804,-0.228,1.478,1.21,0.1187976,0.1187976,0.1187976,4.268867E-07,-8.537734E-07,1.707547E-06,0,0,0,0,0,0,0,0,0,0,,,
TESER,Standup,0,Tutorial,Tutorial,8.568468,-0.684,0,0.825,-0.684,0,0.825,-0.645667,0,1.193009,0.1781963,0,-0.228,1.478,1.031804,-0.228,1.478,1.21,0.1187976,0.1187976,0.1187976,4.268867E-07,-8.537734E-07,1.707547E-06,0,0,0,0,0,0,0,0,0,0,,,
TESER,Standup,0,Tutorial,Tutorial,8.709032,-0.684,0,0.825,-0.684,0,0.825,-0.645667,0,1.193009,0.1781963,0,-0.228,1.478,1.031804,-0.228,1.478,1.21,0.1187976,0.1187976,0.1187976,4.268867E-07,-8.537734E-07,1.707547E-06,0,0,0,0,0,0,0,0,0,0,,,
TESER,Standup,0,Tutorial,Tutorial,8.831087,-0.684,0,0.825,-0.684,0,0.825,-0.645667,0,1.193009,0.1781963,0,-0.228,1.478,1.031804,-0.228,1.478,1.21,0.1187976,0.1187976,0.1187976,4.268867E-07,-8.537734E-07,1.707547E-06,0,0,0,0,0,0,0,0,0,0,,,
TESER,Standup,0,Tutorial,Tutorial,8.961324,-0.684,0,0.825,-0.684,0,0.825,-0.645667,0,1.193009,0.1781963,0,-0.228,1.478,1.031804,-0.228,1.478,1.21,0.1187976,0.1187976,0.1187976,4.268867E-07,-8.537734E-07,1.707547E-06,0,0,0,0,0,0,0,0,0,0,,,
TESER,Standup,0,Tutorial,Tutorial,9.103438,-0.684,0,0.825,-0.684,0,0.825,-0.645667,0,1.193009,0.1781963,0,-0.228,1.478,1.031804,-0.228,1.478,1.21,0.1187976,0.1187976,0.1187976,4.268867E-07,-8.537734E-07,1.707547E-06,0,0,0,0,0,0,0,0,0,0,,,
TESER,Standup,0,Tutorial,Tutorial,9.25501,-0.684,0,0.825,-0.684,0,0.825,-0.645667,0,1.193009,0.1781963,0,-0.228,1.478,1.031804,-0.228,1.478,1.21,0.1187976,0.1187976,0.1187976,4.268867E-07,-8.537734E-07,1.707547E-06,0,0,0,0,0,0,0,0,0,0,,,
TESER,Standup,0,Tutorial,Tutorial,9.399365,-0.684,0,0.825,-0.684,0,0.825,-0.645667,0,1.193009,0.1781963,0,-0.228,1.478,1.031804,-0.228,1.478,1.21,0.1187976,0.1187976,0.1187976,4.268867E-07,-8.537734E-07,1.707547E-06,0,0,0,0,0,0,0,0,0,0,,,
TESER,Standup,0,Tutorial,Tutorial,9.543959,-0.684,0,0.825,-0.684,0,0.825,-0.645667,0,1.193009,0.1781963,0,-0.228,1.478,1.031804,-0.228,1.478,1.21,0.1187976,0.1187976,0.1187976,4.268867E-07,-8.537734E-07,1.707547E-06,0,0,0,0,0,0,0,0,0,0,,,
TESER,Standup,0,Tutorial,Tutorial,9.688607,-0.684,0,0.825,-0.684,0,0.825,-0.645667,0,1.193009,0.1781963,0,-0.228,1.478,1.031804,-0.228,1.478,1.21,0.1187976,0.1187976,0.1187976,4.268867E-07,-8.537734E-07,1.707547E-06,0,0,0,0,0,0,0,0,0,0,,,
TESER,Standup,0,Tutorial,Tutorial,10.02643,-0.684,0,0.825,-0.684,0,0.825,-0.645667,0,1.193009,0.1781963,0,-0.228,1.478,1.031804,-0.228,1.478,1.21,0.1187976,0.1187976,0.1187976,4.268867E-07,-8.537734E-07,1.707547E-06,0,0,0,0,0,0,0,0,0,0,,,
TESER,Standup,0,Tutorial,Tutorial,10.22536,-0.684,0,0.825,-0.684,0,0.825,-0.645667,0,1.193009,0.1781963,0,-0.228,1.478,1.031804,-0.228,1.478,1.21,0.1187976,0.1187976,0.1187976,4.268867E-07,-8.537734E-07,1.707547E-06,0,0,0,0,0,0,0,0,0,0,,,
TESER,Standup,0,Tutorial,Tutorial,10.38999,-0.684,0,0.825,-0.684,0,0.825,-0.645667,0,1.193009,0.1781963,0,-0.228,1.478,1.031804,-0.228,1.478,1.21,0.1187976,0.1187976,0.1187976,4.268867E-07,-8.537734E-07,1.707547E-06,0,0,0,0,0,0,0,0,0,0,,,
TESER,Standup,0,Tutorial,Tutorial,10.61681,-0.684,0,0.825,-0.684,0,0.825,-0.645667,0,1.193009,0.1781963,0,-0.228,1.478,1.031804,-0.228,1.478,1.21,0.1187976,0.1187976,0.1187976,4.268867E-07,-8.537734E-07,1.707547E-06,0,0,0,0,0,0,0,0,0,0,,,
TESER,Standup,0,Tutorial,Tutorial,10.80817,-0.684,0,0.825,-0.684,0,0.825,-0.645667,0,1.193009,0.1781963,0,-0.228,1.478,1.031804,-0.228,1.478,1.21,0.1187976,0.1187976,0.1187976,4.268867E-07,-8.537734E-07,1.707547E-06,0,0,0,0,0,0,0,0,0,0,,,
TESER,Standup,0,Tutorial,Tutorial,10.97462,-0.684,0,0.825,-0.684,0,0.825,-0.645667,0,1.193009,0.1781963,0,-0.228,1.478,1.031804,-0.228,1.478,1.21,0.1187976,0.1187976,0.1187976,4.268867E-07,-8.537734E-07,1.707547E-06,0,0,0,0,0,0,0,0,0,0,,,
TESER,Standup,0,Tutorial,Tutorial,11.14291,-0.684,0,0.825,-0.684,0,0.825,-0.645667,0,1.193009,0.1781963,0,-0.228,1.478,1.031804,-0.228,1.478,1.21,0.1187976,0.1187976,0.1187976,4.268867E-07,-8.537734E-07,1.707547E-06,0,0,0,0,0,0,0,0,0,0,,,
TESER,Standup,0,Tutorial,Tutorial,11.46205,-0.684,0,0.825,-0.684,0,0.825,-0.645667,0,1.193009,0.1781963,0,-0.228,1.478,1.031804,-0.228,1.478,1.21,0.1187976,0.1187976,0.1187976,4.268867E-07,-8.537734E-07,1.707547E-06,0,0,0,0,0,0,0,0,0,0,,,
TESER,Standup,0,Tutorial,Tutorial,11.72557,-0.684,0,0.825,-0.684,0,0.825,-0.645667,0,1.193009,0.1781963,0,-0.228,1.478,1.031804,-0.228,1.478,1.21,0.1187976,0.1187976,0.1187976,4.268867E-07,-8.537734E-07,1.707547E-06,0,0,0,0,0,0,0,0,0,0,,,
TESER,Standup,0,Tutorial,Tutorial,11.89368,-0.684,0,0.825,-0.684,0,0.825,-0.645667,0,1.193009,0.1781963,0,-0.228,1.478,1.031804,-0.228,1.478,1.21,0.1187976,0.1187976,0.1187976,4.268867E-07,-8.537734E-07,1.707547E-06,0,0,0,0,0,0,0,0,0,0,,,
TESER,Standup,0,Tutorial,Tutorial,12.01955,-0.684,0,0.825,-0.684,0,0.825,-0.645667,0,1.193009,0.1781963,0,-0.228,1.478,1.031804,-0.228,1.478,1.21,0.1187976,0.1187976,0.1187976,4.268867E-07,-8.537734E-07,1.707547E-06,0,0,0,0,0,0,0,0,0,0,,,
TESER,Standup,0,Tutorial,Tutorial,12.15197,-0.684,0,0.825,-0.684,0,0.825,-0.645667,0,1.193009,0.1781963,0,-0.228,1.478,1.031804,-0.228,1.478,1.21,0.1187976,0.1187976,0.1187976,4.268867E-07,-8.537734E-07,1.707547E-06,0,0,0,0,0,0,0,0,0,0,,,
TESER,Standup,0,Tutorial,Tutorial,12.33097,-0.684,0,0.825,-0.684,0,0.825,-0.645667,0,1.193009,0.1781963,0,-0.228,1.478,1.031804,-0.228,1.478,1.21,0.1187976,0.1187976,0.1187976,4.268867E-07,-8.537734E-07,1.707547E-06,0,0,0,0,0,0,0,0,0,0,,,
TESER,Standup,0,Tutorial,Tutorial,12.47379,-0.684,0,0.825,-0.684,0,0.825,-0.645667,0,1.193009,0.1781963,0,-0.228,1.478,1.031804,-0.228,1.478,1.21,0.1187976,0.1187976,0.1187976,4.268867E-07,-8.537734E-07,1.707547E-06,0,0,0,0,0,0,0,0,0,0,,,
TESER,Standup,0,Tutorial,Tutorial,12.61581,-0.684,0,0.825,-0.684,0,0.825,-0.645667,0,1.193009,0.1781963,0,-0.228,1.478,1.031804,-0.228,1.478,1.21,0.1187976,0.1187976,0.1187976,4.268867E-07,-8.537734E-07,1.707547E-06,0,0,0,0,0,0,0,0,0,0,,,
TESER,Standup,0,Tutorial,Tutorial,12.94068,-0.684,0,0.825,-0.684,0,0.825,-0.645667,0,1.193009,0.1781963,0,-0.228,1.478,1.031804,-0.228,1.478,1.21,0.1187976,0.1187976,0.1187976,4.268867E-07,-8.537734E-07,1.707547E-06,0,0,0,0,0,0,0,0,0,0,,,
TESER,Standup,0,Tutorial,Tutorial,13.08873,-0.684,0,0.825,-0.684,0,0.825,-0.645667,0,1.193009,0.1781963,0,-0.228,1.478,1.031804,-0.228,1.478,1.21,0.1187976,0.1187976,0.1187976,4.268867E-07,-8.537734E-07,1.707547E-06,0,0,0,0,0,0,0,0,0,0,,,
TESER,Standup,0,Tutorial,Tutorial,13.22082,-0.684,0,0.825,-0.684,0,0.825,-0.645667,0,1.193009,0.1781963,0,-0.228,1.478,1.031804,-0.228,1.478,1.21,0.1187976,0.1187976,0.1187976,4.268867E-07,-8.537734E-07,1.707547E-06,0,0,0,0,0,0,0,0,0,0,,,
TESER,Standup,0,Tutorial,Tutorial,13.35331,-0.684,0,0.825,-0.684,0,0.825,-0.645667,0,1.193009,0.1781963,0,-0.228,1.478,1.031804,-0.228,1.478,1.21,0.1187976,0.1187976,0.1187976,4.268867E-07,-8.537734E-07,1.707547E-06,0,0,0,0,0,0,0,0,0,0,,,
TESER,Standup,0,Tutorial,Tutorial,13.48053,-0.684,0,0.825,-0.684,0,0.825,-0.645667,0,1.193009,0.1781963,0,-0.228,1.478,1.031804,-0.228,1.478,1.21,0.1187976,0.1187976,0.1187976,4.268867E-07,-8.537734E-07,1.707547E-06,0,0,0,0,0,0,0,0,0,0,,,
TESER,Standup,0,Tutorial,Tutorial,13.59986,-0.684,0,0.825,-0.684,0,0.825,-0.645667,0,1.193009,0.1781963,0,-0.228,1.478,1.031804,-0.228,1.478,1.21,0.1187976,0.1187976,0.1187976,4.268867E-07,-8.537734E-07,1.707547E-06,0,0,0,0,0,0,0,0,0,0,,,
TESER,Standup,0,Tutorial,Tutorial,13.72585,-0.684,0,0.825,-0.684,0,0.825,-0.645667,0,1.193009,0.1781963,0,-0.228,1.478,1.031804,-0.228,1.478,1.21,0.1187976,0.1187976,0.1187976,4.268867E-07,-8.537734E-07,1.707547E-06,0,0,0,0,0,0,0,0,0,0,,,
TESER,Standup,0,Tutorial,Tutorial,13.99578,-0.684,0,0.825,-0.684,0,0.825,-0.645667,0,1.193009,0.1781963,0,-0.228,1.478,1.031804,-0.228,1.478,1.21,0.1187976,0.1187976,0.1187976,4.268867E-07,-8.537734E-07,1.707547E-06,0,0,0,0,0,0,0,0,0,0,,,
TESER,Standup,0,Tutorial,Tutorial,14.17604,-0.684,0,0.825,-0.684,0,0.825,-0.645667,0,1.193009,0.1781963,0,-0.228,1.478,1.031804,-0.228,1.478,1.21,0.1187976,0.1187976,0.1187976,4.268867E-07,-8.537734E-07,1.707547E-06,0,0,0,0,0,0,0,0,0,0,,,
TESER,Standup,0,Tutorial,Tutorial,14.42188,-0.684,0,0.825,-0.684,0,0.825,-0.645667,0,1.193009,0.1781963,0,-0.228,1.478,1.031804,-0.228,1.478,1.21,0.1187976,0.1187976,0.1187976,4.268867E-07,-8.537734E-07,1.707547E-06,0,0,0,0,0,0,0,0,0,0,,,
TESER,Standup,0,Tutorial,Tutorial,14.56725,-0.684,0,0.825,-0.684,0,0.825,-0.645667,0,1.193009,0.1781963,0,-0.228,1.478,1.031804,-0.228,1.478,1.21,0.1187976,0.1187976,0.1187976,4.268867E-07,-8.537734E-07,1.707547E-06,0,0,0,0,0,0,0,0,0,0,,,
TESER,Standup,0,Tutorial,Tutorial,14.8275,-0.684,0,0.825,-0.684,0,0.825,-0.645667,0,1.193009,0.1781963,0,-0.228,1.478,1.031804,-0.228,1.478,1.21,0.1187976,0.1187976,0.1187976,4.268867E-07,-8.537734E-07,1.707547E-06,0,0,0,0,0,0,0,0,0,0,,,
TESER,Standup,0,Tutorial,Tutorial,14.99801,-0.684,0,0.825,-0.684,0,0.825,-0.645667,0,1.193009,0.1781963,0,-0.228,1.478,1.031804,-0.228,1.478,1.21,0.1187976,0.1187976,0.1187976,4.268867E-07,-8.537734E-07,1.707547E-06,0,0,0,0,0,0,0,0,0,0,,,
TESER,Standup,0,Tutorial,Tutorial,15.1314,-0.684,0,0.825,-0.684,0,0.825,-0.645667,0,1.193009,0.1781963,0,-0.228,1.478,1.031804,-0.228,1.478,1.21,0.1187976,0.1187976,0.1187976,4.268867E-07,-8.537734E-07,1.707547E-06,0,0,0,0,0,0,0,0,0,0,,,
TESER,Standup,0,Tutorial,Tutorial,15.27764,-0.684,0,0.825,-0.684,0,0.825,-0.645667,0,1.193009,0.1781963,0,-0.228,1.478,1.031804,-0.228,1.478,1.21,0.1187976,0.1187976,0.1187976,4.268867E-07,-8.537734E-07,1.707547E-06,0,0,0,0,0,0,0,0,0,0,,,
TESER,Standup,0,Tutorial,Tutorial,15.40426,-0.684,0,0.825,-0.684,0,0.825,-0.645667,0,1.193009,0.1781963,0,-0.228,1.478,1.031804,-0.228,1.478,1.21,0.1187976,0.1187976,0.1187976,4.268867E-07,-8.537734E-07,1.707547E-06,0,0,0,0,0,0,0,0,0,0,,,
TESER,Standup,0,Tutorial,Tutorial,15.53568,-0.684,0,0.825,-0.684,0,0.825,-0.645667,0,1.193009,0.1781963,0,-0.228,1.478,1.031804,-0.228,1.478,1.21,0.1187976,0.1187976,0.1187976,4.268867E-07,-8.537734E-07,1.707547E-06,0,0,0,0,0,0,0,0,0,0,,,
TESER,Standup,0,Tutorial,Tutorial,15.69669,-0.684,0,0.825,-0.684,0,0.825,-0.645667,0,1.193009,0.1781963,0,-0.228,1.478,1.031804,-0.228,1.478,1.21,0.1187976,0.1187976,0.1187976,4.268867E-07,-8.537734E-07,1.707547E-06,0,0,0,0,0,0,0,0,0,0,,,
TESER,Standup,0,Tutorial,Tutorial,15.87669,-0.684,0,0.825,-0.684,0,0.825,-0.645667,0,1.193009,0.1781963,0,-0.228,1.478,1.031804,-0.228,1.478,1.21,0.1187976,0.1187976,0.1187976,4.268867E-07,-8.537734E-07,1.707547E-06,0,0,0,0,0,0,0,0,0,0,,,
TESER,Standup,0,Tutorial,Tutorial,16.03127,-0.684,0,0.825,-0.684,0,0.825,-0.645667,0,1.193009,0.1781963,0,-0.228,1.478,1.031804,-0.228,1.478,1.21,0.1187976,0.1187976,0.1187976,4.268867E-07,-8.537734E-07,1.707547E-06,0,0,0,0,0,0,0,0,0,0,,,
TESER,Standup,0,Tutorial,Tutorial,16.17338,-0.684,0,0.825,-0.684,0,0.825,-0.645667,0,1.193009,0.1781963,0,-0.228,1.478,1.031804,-0.228,1.478,1.21,0.1187976,0.1187976,0.1187976,4.268867E-07,-8.537734E-07,1.707547E-06,0,0,0,0,0,0,0,0,0,0,,,
TESER,Standup,0,Tutorial,Tutorial,16.30145,-0.684,0,0.825,-0.684,0,0.825,-0.645667,0,1.193009,0.1781963,0,-0.228,1.478,1.031804,-0.228,1.478,1.21,0.1187976,0.1187976,0.1187976,4.268867E-07,-8.537734E-07,1.707547E-06,0,0,0,0,0,0,0,0,0,0,,,
TESER,Standup,0,Tutorial,Tutorial,16.45938,-0.684,0,0.825,-0.684,0,0.825,-0.645667,0,1.193009,0.1781963,0,-0.228,1.478,1.031804,-0.228,1.478,1.21,0.1187976,0.1187976,0.1187976,4.268867E-07,-8.537734E-07,1.707547E-06,0,0,0,0,0,0,0,0,0,0,,,
TESER,Standup,0,Tutorial,Tutorial,16.59559,-0.684,0,0.825,-0.684,0,0.825,-0.645667,0,1.193009,0.1781963,0,-0.228,1.478,1.031804,-0.228,1.478,1.21,0.1187976,0.1187976,0.1187976,4.268867E-07,-8.537734E-07,1.707547E-06,0,0,0,0,0,0,0,0,0,0,,,
TESER,Standup,0,Tutorial,Tutorial,16.72091,-0.684,0,0.825,-0.684,0,0.825,-0.645667,0,1.193009,0.1781963,0,-0.228,1.478,1.031804,-0.228,1.478,1.21,0.1187976,0.1187976,0.1187976,4.268867E-07,-8.537734E-07,1.707547E-06,0,0,0,0,0,0,0,0,0,0,,,
TESER,Standup,0,Tutorial,Tutorial,16.85366,-0.684,0,0.825,-0.684,0,0.825,-0.645667,0,1.193009,0.1781963,0,-0.228,1.478,1.031804,-0.228,1.478,1.21,0.1187976,0.1187976,0.1187976,4.268867E-07,-8.537734E-07,1.707547E-06,0,0,0,0,0,0,0,0,0,0,,,
TESER,Standup,0,Tutorial,Tutorial,16.98529,-0.684,0,0.825,-0.684,0,0.825,-0.645667,0,1.193009,0.1781963,0,-0.228,1.478,1.031804,-0.228,1.478,1.21,0.1187976,0.1187976,0.1187976,4.268867E-07,-8.537734E-07,1.707547E-06,0,0,0,0,0,0,0,0,0,0,,,
TESER,Standup,0,Tutorial,Tutorial,17.1111,-0.684,0,0.825,-0.684,0,0.825,-0.645667,0,1.193009,0.1781963,0,-0.228,1.478,1.031804,-0.228,1.478,1.21,0.1187976,0.1187976,0.1187976,4.268867E-07,-8.537734E-07,1.707547E-06,0,0,0,0,0,0,0,0,0,0,,,
TESER,Standup,0,Tutorial,Tutorial,17.23453,-0.684,0,0.825,-0.684,0,0.825,-0.645667,0,1.193009,0.1781963,0,-0.228,1.478,1.031804,-0.228,1.478,1.21,0.1187976,0.1187976,0.1187976,4.268867E-07,-8.537734E-07,1.707547E-06,0,0,0,0,0,0,0,0,0,0,,,
TESER,Standup,0,Tutorial,Tutorial,17.36537,-0.684,0,0.825,-0.684,0,0.825,-0.645667,0,1.193009,0.1781963,0,-0.228,1.478,1.031804,-0.228,1.478,1.21,0.1187976,0.1187976,0.1187976,4.268867E-07,-8.537734E-07,1.707547E-06,0,0,0,0,0,0,0,0,0,0,,,
TESER,Standup,0,Tutorial,Tutorial,17.48322,-0.684,0,0.825,-0.684,0,0.825,-0.645667,0,1.193009,0.1781963,0,-0.228,1.478,1.031804,-0.228,1.478,1.21,0.1187976,0.1187976,0.1187976,4.268867E-07,-8.537734E-07,1.707547E-06,0,0,0,0,0,0,0,0,0,0,,,
TESER,Standup,0,Tutorial,Tutorial,17.60583,-0.684,0,0.825,-0.684,0,0.825,-0.645667,0,1.193009,0.1781963,0,-0.228,1.478,1.031804,-0.228,1.478,1.21,0.1187976,0.1187976,0.1187976,4.268867E-07,-8.537734E-07,1.707547E-06,0,0,0,0,0,0,0,0,0,0,,,
TESER,Standup,0,Tutorial,Tutorial,17.72202,-0.684,0,0.825,-0.684,0,0.825,-0.645667,0,1.193009,0.1781963,0,-0.228,1.478,1.031804,-0.228,1.478,1.21,0.1187976,0.1187976,0.1187976,4.268867E-07,-8.537734E-07,1.707547E-06,0,0,0,0,0,0,0,0,0,0,,,
TESER,Standup,0,Tutorial,Tutorial,17.84634,-0.684,0,0.825,-0.684,0,0.825,-0.645667,0,1.193009,0.1781963,0,-0.228,1.478,1.031804,-0.228,1.478,1.21,0.1187976,0.1187976,0.1187976,4.268867E-07,-8.537734E-07,1.707547E-06,0,0,0,0,0,0,0,0,0,0,,,
TESER,Standup,0,Tutorial,Tutorial,17.96461,-0.684,0,0.825,-0.684,0,0.825,-0.645667,0,1.193009,0.1781963,0,-0.228,1.478,1.031804,-0.228,1.478,1.21,0.1187976,0.1187976,0.1187976,4.268867E-07,-8.537734E-07,1.707547E-06,0,0,0,0,0,0,0,0,0,0,,,
TESER,Standup,0,Tutorial,Tutorial,18.0965,-0.684,0,0.825,-0.684,0,0.825,-0.645667,0,1.193009,0.1781963,0,-0.228,1.478,1.031804,-0.228,1.478,1.21,0.1187976,0.1187976,0.1187976,4.268867E-07,-8.537734E-07,1.707547E-06,0,0,0,0,0,0,0,0,0,0,,,
TESER,Standup,0,Tutorial,Tutorial,18.21669,-0.684,0,0.825,-0.684,0,0.825,-0.645667,0,1.193009,0.1781963,0,-0.228,1.478,1.031804,-0.228,1.478,1.21,0.1187976,0.1187976,0.1187976,4.268867E-07,-8.537734E-07,1.707547E-06,0,0,0,0,0,0,0,0,0,0,,,
TESER,Standup,0,Tutorial,Tutorial,18.33777,-0.684,0,0.825,-0.684,0,0.825,-0.645667,0,1.193009,0.1781963,0,-0.228,1.478,1.031804,-0.228,1.478,1.21,0.1187976,0.1187976,0.1187976,4.268867E-07,-8.537734E-07,1.707547E-06,0,0,0,0,0,0,0,0,0,0,,,
TESER,Standup,0,Tutorial,Tutorial,18.45929,-0.684,0,0.825,-0.684,0,0.825,-0.645667,0,1.193009,0.1781963,0,-0.228,1.478,1.031804,-0.228,1.478,1.21,0.1187976,0.1187976,0.1187976,4.268867E-07,-8.537734E-07,1.707547E-06,0,0,0,0,0,0,0,0,0,0,,,
TESER,Standup,0,Tutorial,Tutorial,18.58868,-0.684,0,0.825,-0.684,0,0.825,-0.645667,0,1.193009,0.1781963,0,-0.228,1.478,1.031804,-0.228,1.478,1.21,0.1187976,0.1187976,0.1187976,4.268867E-07,-8.537734E-07,1.707547E-06,0,0,0,0,0,0,0,0,0,0,,,
TESER,Standup,0,Tutorial,Tutorial,18.71674,-0.684,0,0.825,-0.684,0,0.825,-0.645667,0,1.193009,0.1781963,0,-0.228,1.478,1.031804,-0.228,1.478,1.21,0.1187976,0.1187976,0.1187976,4.268867E-07,-8.537734E-07,1.707547E-06,0,0,0,0,0,0,0,0,0,0,,,
TESER,Standup,0,Tutorial,Tutorial,18.83667,-0.684,0,0.825,-0.684,0,0.825,-0.645667,0,1.193009,0.1781963,0,-0.228,1.478,1.031804,-0.228,1.478,1.21,0.1187976,0.1187976,0.1187976,4.268867E-07,-8.537734E-07,1.707547E-06,0,0,0,0,0,0,0,0,0,0,,,
TESER,Standup,0,Tutorial,Tutorial,18.96072,-0.684,0,0.825,-0.684,0,0.825,-0.645667,0,1.193009,0.1781963,0,-0.228,1.478,1.031804,-0.228,1.478,1.21,0.1187976,0.1187976,0.1187976,4.268867E-07,-8.537734E-07,1.707547E-06,0,0,0,0,0,0,0,0,0,0,,,
TESER,Standup,0,Tutorial,Tutorial,19.10595,-0.684,0,0.825,-0.684,0,0.825,-0.645667,0,1.193009,0.1781963,0,-0.228,1.478,1.031804,-0.228,1.478,1.21,0.1187976,0.1187976,0.1187976,4.268867E-07,-8.537734E-07,1.707547E-06,0,0,0,0,0,0,0,0,0,0,,,
TESER,Standup,0,Tutorial,Tutorial,19.28566,-0.684,0,0.825,-0.684,0,0.825,-0.645667,0,1.193009,0.1781963,0,-0.228,1.478,1.031804,-0.228,1.478,1.21,0.1187976,0.1187976,0.1187976,4.268867E-07,-8.537734E-07,1.707547E-06,0,0,0,0,0,0,0,0,0,0,,,
TESER,Standup,0,Tutorial,Tutorial,19.42576,-0.684,0,0.825,-0.684,0,0.825,-0.645667,0,1.193009,0.1781963,0,-0.228,1.478,1.031804,-0.228,1.478,1.21,0.1187976,0.1187976,0.1187976,4.268867E-07,-8.537734E-07,1.707547E-06,0,0,0,0,0,0,0,0,0,0,,,
TESER,Standup,0,Tutorial,Tutorial,19.55479,-0.684,0,0.825,-0.684,0,0.825,-0.645667,0,1.193009,0.1781963,0,-0.228,1.478,1.031804,-0.228,1.478,1.21,0.1187976,0.1187976,0.1187976,4.268867E-07,-8.537734E-07,1.707547E-06,0,0,0,0,0,0,0,0,0,0,,,
TESER,Standup,0,Tutorial,Tutorial,19.69053,-0.684,0,0.825,-0.684,0,0.825,-0.645667,0,1.193009,0.1781963,0,-0.228,1.478,1.031804,-0.228,1.478,1.21,0.1187976,0.1187976,0.1187976,4.268867E-07,-8.537734E-07,1.707547E-06,0,0,0,0,0,0,0,0,0,0,,,
TESER,Standup,0,Tutorial,Tutorial,19.82186,-0.684,0,0.825,-0.684,0,0.825,-0.645667,0,1.193009,0.1781963,0,-0.228,1.478,1.031804,-0.228,1.478,1.21,0.1187976,0.1187976,0.1187976,4.268867E-07,-8.537734E-07,1.707547E-06,0,0,0,0,0,0,0,0,0,0,,,
TESER,Standup,0,Tutorial,Tutorial,19.9447,-0.684,0,0.825,-0.684,0,0.825,-0.645667,0,1.193009,0.1781963,0,-0.228,1.478,1.031804,-0.228,1.478,1.21,0.1187976,0.1187976,0.1187976,4.268867E-07,-8.537734E-07,1.707547E-06,0,0,0,0,0,0,0,0,0,0,,,
TESER,Standup,0,Tutorial,Tutorial,20.06758,-0.684,0,0.825,-0.684,0,0.825,-0.645667,0,1.193009,0.1781963,0,-0.228,1.478,1.031804,-0.228,1.478,1.21,0.1187976,0.1187976,0.1187976,4.268867E-07,-8.537734E-07,1.707547E-06,0,0,0,0,0,0,0,0,0,0,,,
TESER,Standup,0,Tutorial,Tutorial,20.19126,-0.684,0,0.825,-0.684,0,0.825,-0.645667,0,1.193009,0.1781963,0,-0.228,1.478,1.031804,-0.228,1.478,1.21,0.1187976,0.1187976,0.1187976,4.268867E-07,-8.537734E-07,1.707547E-06,0,0,0,0,0,0,0,0,0,0,,,
TESER,Standup,0,Tutorial,Tutorial,20.30869,-0.684,0,0.825,-0.684,0,0.825,-0.645667,0,1.193009,0.1781963,0,-0.228,1.478,1.031804,-0.228,1.478,1.21,0.1187976,0.1187976,0.1187976,4.268867E-07,-8.537734E-07,1.707547E-06,0,0,0,0,0,0,0,0,0,0,,,
TESER,Standup,0,Tutorial,Tutorial,20.43468,-0.684,0,0.825,-0.684,0,0.825,-0.645667,0,1.193009,0.1781963,0,-0.228,1.478,1.031804,-0.228,1.478,1.21,0.1187976,0.1187976,0.1187976,4.268867E-07,-8.537734E-07,1.707547E-06,0,0,0,0,0,0,0,0,0,0,,,
TESER,Standup,0,Tutorial,Tutorial,20.55984,-0.684,0,0.825,-0.684,0,0.825,-0.645667,0,1.193009,0.1781963,0,-0.228,1.478,1.031804,-0.228,1.478,1.21,0.1187976,0.1187976,0.1187976,4.268867E-07,-8.537734E-07,1.707547E-06,0,0,0,0,0,0,0,0,0,0,,,
TESER,Standup,0,Tutorial,Tutorial,20.67428,-0.684,0,0.825,-0.684,0,0.825,-0.645667,0,1.193009,0.1781963,0,-0.228,1.478,1.031804,-0.228,1.478,1.21,0.1187976,0.1187976,0.1187976,4.268867E-07,-8.537734E-07,1.707547E-06,0,0,0,0,0,0,0,0,0,0,,,
TESER,Standup,0,Tutorial,Tutorial,20.79525,-0.684,0,0.825,-0.684,0,0.825,-0.645667,0,1.193009,0.1781963,0,-0.228,1.478,1.031804,-0.228,1.478,1.21,0.1187976,0.1187976,0.1187976,4.268867E-07,-8.537734E-07,1.707547E-06,0,0,0,0,0,0,0,0,0,0,,,
TESER,Standup,0,Tutorial,Tutorial,20.91469,-0.684,0,0.825,-0.684,0,0.825,-0.645667,0,1.193009,0.1781963,0,-0.228,1.478,1.031804,-0.228,1.478,1.21,0.1187976,0.1187976,0.1187976,4.268867E-07,-8.537734E-07,1.707547E-06,0,0,0,0,0,0,0,0,0,0,,,
TESER,Standup,0,Tutorial,Tutorial,21.02866,-0.684,0,0.825,-0.684,0,0.825,-0.645667,0,1.193009,0.1781963,0,-0.228,1.478,1.031804,-0.228,1.478,1.21,0.1187976,0.1187976,0.1187976,4.268867E-07,-8.537734E-07,1.707547E-06,0,0,0,0,0,0,0,0,0,0,,,
TESER,Standup,0,Tutorial,Tutorial,21.15702,-0.684,0,0.825,-0.684,0,0.825,-0.645667,0,1.193009,0.1781963,0,-0.228,1.478,1.031804,-0.228,1.478,1.21,0.1187976,0.1187976,0.1187976,4.268867E-07,-8.537734E-07,1.707547E-06,0,0,0,0,0,0,0,0,0,0,,,
TESER,Standup,0,Tutorial,Tutorial,21.27749,-0.684,0,0.825,-0.684,0,0.825,-0.645667,0,1.193009,0.1781963,0,-0.228,1.478,1.031804,-0.228,1.478,1.21,0.1187976,0.1187976,0.1187976,4.268867E-07,-8.537734E-07,1.707547E-06,0,0,0,0,0,0,0,0,0,0,,,
TESER,Standup,0,Tutorial,Tutorial,21.39193,-0.684,0,0.825,-0.684,0,0.825,-0.645667,0,1.193009,0.1781963,0,-0.228,1.478,1.031804,-0.228,1.478,1.21,0.1187976,0.1187976,0.1187976,4.268867E-07,-8.537734E-07,1.707547E-06,0,0,0,0,0,0,0,0,0,0,,,
TESER,Standup,0,Tutorial,Tutorial,21.50854,-0.684,0,0.825,-0.684,0,0.825,-0.645667,0,1.193009,0.1781963,0,-0.228,1.478,1.031804,-0.228,1.478,1.21,0.1187976,0.1187976,0.1187976,4.268867E-07,-8.537734E-07,1.707547E-06,0,0,0,0,0,0,0,0,0,0,,,
TESER,Standup,0,Tutorial,Tutorial,21.62406,-0.684,0,0.825,-0.684,0,0.825,-0.645667,0,1.193009,0.1781963,0,-0.228,1.478,1.031804,-0.228,1.478,1.21,0.1187976,0.1187976,0.1187976,4.268867E-07,-8.537734E-07,1.707547E-06,0,0,0,0,0,0,0,0,0,0,,,
TESER,Standup,0,Tutorial,Tutorial,21.7444,-0.684,0,0.825,-0.684,0,0.825,-0.645667,0,1.193009,0.1781963,0,-0.228,1.478,1.031804,-0.228,1.478,1.21,0.1187976,0.1187976,0.1187976,4.268867E-07,-8.537734E-07,1.707547E-06,0,0,0,0,0,0,0,0,0,0,,,
TESER,Standup,0,Tutorial,Tutorial,21.85832,-0.684,0,0.825,-0.684,0,0.825,-0.645667,0,1.193009,0.1781963,0,-0.228,1.478,1.031804,-0.228,1.478,1.21,0.1187976,0.1187976,0.1187976,4.268867E-07,-8.537734E-07,1.707547E-06,0,0,0,0,0,0,0,0,0,0,,,
TESER,Standup,0,Tutorial,Tutorial,21.96997,-0.684,0,0.825,-0.684,0,0.825,-0.645667,0,1.193009,0.1781963,0,-0.228,1.478,1.031804,-0.228,1.478,1.21,0.1187976,0.1187976,0.1187976,4.268867E-07,-8.537734E-07,1.707547E-06,0,0,0,0,0,0,0,0,0,0,,,
TESER,Standup,0,Tutorial,Tutorial,22.08648,-0.684,0,0.825,-0.684,0,0.825,-0.645667,0,1.193009,0.1781963,0,-0.228,1.478,1.031804,-0.228,1.478,1.21,0.1187976,0.1187976,0.1187976,4.268867E-07,-8.537734E-07,1.707547E-06,0,0,0,0,0,0,0,0,0,0,,,
TESER,Standup,0,Tutorial,Tutorial,22.20434,-0.684,0,0.825,-0.684,0,0.825,-0.645667,0,1.193009,0.1781963,0,-0.228,1.478,1.031804,-0.228,1.478,1.21,0.1187976,0.1187976,0.1187976,4.268867E-07,-8.537734E-07,1.707547E-06,0,0,0,0,0,0,0,0,0,0,,,
TESER,Standup,0,Tutorial,Tutorial,22.33298,-0.684,0,0.825,-0.684,0,0.825,-0.645667,0,1.193009,0.1781963,0,-0.228,1.478,1.031804,-0.228,1.478,1.21,0.1187976,0.1187976,0.1187976,4.268867E-07,-8.537734E-07,1.707547E-06,0,0,0,0,0,0,0,0,0,0,,,
TESER,Standup,0,Tutorial,Tutorial,22.46101,-0.684,0,0.825,-0.684,0,0.825,-0.645667,0,1.193009,0.1781963,0,-0.228,1.478,1.031804,-0.228,1.478,1.21,0.1187976,0.1187976,0.1187976,4.268867E-07,-8.537734E-07,1.707547E-06,0,0,0,0,0,0,0,0,0,0,,,
TESER,Standup,0,Tutorial,Tutorial,22.58027,-0.684,0,0.825,-0.684,0,0.825,-0.645667,0,1.193009,0.1781963,0,-0.228,1.478,1.031804,-0.228,1.478,1.21,0.1187976,0.1187976,0.1187976,4.268867E-07,-8.537734E-07,1.707547E-06,0,0,0,0,0,0,0,0,0,0,,,
TESER,Standup,0,Tutorial,Tutorial,22.70421,-0.684,0,0.825,-0.684,0,0.825,-0.645667,0,1.193009,0.1781963,0,-0.228,1.478,1.031804,-0.228,1.478,1.21,0.1187976,0.1187976,0.1187976,4.268867E-07,-8.537734E-07,1.707547E-06,0,0,0,0,0,0,0,0,0,0,,,
TESER,Standup,0,Tutorial,Tutorial,23.35242,-0.684,0,0.825,-0.684,0,0.825,-0.645667,0,1.193009,0.1781963,0,-0.228,1.478,1.031804,-0.228,1.478,1.21,0.1187976,0.1187976,0.1187976,4.268867E-07,-8.537734E-07,1.707547E-06,0,0,0,0,0,0,0,0,0,0,,,
